Timestamp,Methane Input,Methane Output
2025-01-04 19:00:00,-197,15
2025-01-04 19:05:00,-197,15
2025-01-04 19:10:00,-197,12
2025-01-04 19:15:00,-197,9
2025-01-04 19:20:00,-197,9
2025-01-04 20:00:00,-197,7
2025-01-04 20:05:00,-197,1
2025-01-04 20:10:00,-197,1
2025-01-04 20:15:00,-196,-4
2025-01-04 20:20:00,-196,-5
2025-01-04 20:25:00,-197,-6
2025-01-04 20:30:00,-196,-6
2025-01-04 20:35:00,-196,-8
2025-01-04 20:40:00,-197,-7
2025-01-04 20:45:00,-196,-9
2025-01-04 20:50:00,-197,-11
2025-01-04 20:55:00,-196,-12
2025-01-04 21:00:00,-196,-15
2025-01-04 21:00:00,-197,-14
2025-01-04 21:05:00,-197,-14
2025-01-04 21:10:00,-197,-16
2025-01-04 21:15:00,-197,-16
2025-01-04 21:20:00,-196,-20
2025-01-04 21:25:00,-197,-16
2025-01-04 21:30:00,-196,-20
2025-01-04 21:35:00,-196,-22
2025-01-04 21:40:00,-196,-21
2025-01-04 21:45:00,-197,-22
2025-01-04 21:50:00,-197,-25
2025-01-04 21:55:00,-197,-23
2025-01-04 22:00:00,-196,-35
2025-01-04 22:05:00,195,-24
2025-01-04 22:10:00,191,-25
2025-01-04 22:15:00,188,-26
2025-01-04 22:20:00,185,-27
2025-01-04 22:25:00,181,-30
2025-01-04 22:30:00,179,-27
2025-01-04 22:35:00,177,-28
2025-01-04 23:00:00,175,-28
2025-01-04 23:05:00,174,-28
2025-01-04 23:10:00,172,-29
2025-01-04 23:15:00,170,-29
2025-01-04 23:20:00,174,-30
2025-01-04 23:25:00,170,-30
2025-01-04 23:30:00,168,-30
2025-01-04 23:35:00,166,-31
2025-01-04 23:40:00,165,-31
2025-01-04 23:45:00,165,-31
2025-01-04 23:50:00,163,-32
2025-01-04 23:55:00,162,-32
2025-01-05 00:00:00,162,-34
2025-01-05 00:05:00,161,-33
2025-01-05 00:10:00,160,-34
2025-01-05 00:15:00,159,-34
2025-01-05 00:20:00,159,-34
2025-01-05 00:25:00,159,-34
2025-01-05 00:30:00,158,-35
2025-01-05 00:35:00,157,-35
2025-01-05 00:40:00,156,-35
2025-01-05 00:45:00,156,-36
2025-01-05 00:50:00,156,-36
2025-01-05 00:55:00,157,-37
2025-01-05 11:00:00,149,-69
2025-01-05 11:05:00,138,-65
2025-01-05 11:10:00,141,-65
2025-01-05 11:15:00,78,-83
2025-01-05 11:20:00,123,-70
2025-01-05 12:00:00,117,-71
2025-01-05 12:05:00,110,-66
2025-01-05 12:10:00,110,-65
2025-01-05 12:15:00,99,-61
2025-01-05 12:20:00,98,-66
2025-01-05 12:25:00,92,-65
2025-01-05 12:30:00,85,-67
2025-01-05 12:35:00,77,-66
2025-01-05 12:40:00,58,-66
2025-01-05 12:45:00,71,-65
2025-01-05 12:50:00,79,-65
2025-01-05 12:55:00,78,-67
2025-01-05 13:00:00,79,-66
2025-01-05 13:05:00,80,-66
2025-01-05 13:10:00,81,-67
2025-01-05 13:15:00,81,-66
2025-01-05 13:20:00,81,-67
2025-01-05 13:25:00,82,-66
2025-01-05 13:30:00,83,-67
2025-01-05 13:35:00,100,-67
2025-01-05 13:40:00,99,-64
2025-01-05 13:45:00,96,-70
2025-01-05 13:50:00,95,-67
2025-01-05 13:55:00,91,-68
2025-01-05 14:00:00,88,-68
2025-01-05 14:00:00,90,-68
2025-01-05 14:05:00,97,-68
2025-01-05 14:10:00,93,-68
2025-01-05 14:15:00,104,-70
2025-01-05 14:20:00,92,-69
2025-01-05 14:25:00,93,-69
2025-01-05 14:30:00,92,-68
2025-01-05 14:35:00,94,-68
2025-01-05 14:40:00,90,-68
2025-01-05 14:45:00,95,-70
2025-01-05 14:50:00,94,-69
2025-01-05 14:55:00,89,-69
2025-01-05 15:00:00,93,-69
2025-01-05 15:05:00,97,-70
2025-01-05 15:10:00,94,-70
2025-01-05 15:15:00,89,-70
2025-01-05 15:20:00,94,-71
2025-01-05 15:25:00,88,-70
2025-01-05 15:30:00,87,-71
2025-01-05 15:35:00,88,-71
2025-01-05 15:40:00,91,-71
2025-01-05 15:45:00,83,-71
2025-01-05 15:50:00,79,-71
2025-01-05 15:55:00,78,-71
2025-01-05 16:00:00,78,-71
2025-01-05 16:00:00,78,-71
2025-01-05 16:05:00,78,-71
2025-01-05 16:10:00,75,-70
2025-01-05 16:15:00,56,-70
2025-01-05 16:20:00,53,-70
2025-01-05 16:25:00,59,-70
2025-01-05 16:30:00,50,-70
2025-01-05 16:35:00,65,-70
2025-01-05 16:40:00,56,-70
2025-01-05 16:45:00,57,-70
2025-01-05 16:50:00,74,-70
2025-01-05 16:55:00,73,-70
2025-01-05 17:00:00,72,-70
2025-01-05 17:05:00,71,-71
2025-01-05 17:10:00,70,-71
2025-01-05 17:15:00,63,-71
2025-01-05 17:20:00,56,-71
2025-01-05 17:25:00,36,-72
2025-01-05 17:30:00,52,-72
2025-01-05 17:35:00,54,-73
2025-01-05 17:40:00,53,-73
2025-01-05 17:45:00,49,-73
2025-01-05 17:50:00,52,-73
2025-01-05 17:55:00,50,-73
2025-01-05 18:00:00,49,-74
2025-01-05 18:05:00,63,-74
2025-01-05 18:10:00,68,-74
2025-01-05 18:15:00,63,-73
2025-01-05 18:20:00,58,-76
2025-01-05 18:25:00,56,-76
2025-01-05 18:30:00,62,-76
2025-01-05 18:35:00,61,-76
2025-01-05 18:40:00,58,-77
2025-01-05 18:45:00,67,-77
2025-01-05 18:50:00,67,-77
2025-01-05 18:55:00,66,-78
2025-01-05 19:00:00,66,-78
2025-01-05 19:00:00,66,-78
2025-01-05 19:05:00,69,-78
2025-01-05 19:10:00,64,-79
2025-01-05 19:15:00,66,-79
2025-01-05 19:20:00,67,-79
2025-01-05 19:25:00,65,-80
2025-01-05 19:30:00,64,-80
2025-01-05 19:35:00,64,-80
2025-01-05 19:40:00,63,-80
2025-01-05 19:45:00,56,-80
2025-01-05 19:50:00,59,-80
2025-01-05 19:55:00,68,-81
2025-01-05 20:00:00,68,-81
2025-01-05 20:05:00,61,-82
2025-01-05 20:10:00,72,-82
2025-01-05 20:15:00,82,-83
2025-01-05 20:20:00,83,-83
2025-01-05 20:25:00,89,-83
2025-01-05 20:30:00,90,-84
2025-01-05 20:35:00,91,-84
2025-01-05 20:40:00,94,-84
2025-01-05 20:45:00,93,-84
2025-01-05 20:50:00,95,-85
2025-01-05 20:55:00,94,-85
2025-01-05 21:00:00,94,-85
2025-01-05 21:05:00,93,-85
2025-01-05 21:10:00,92,-86
2025-01-05 21:15:00,93,-86
2025-01-05 21:20:00,95,-87
2025-01-05 21:25:00,90,-87
2025-01-05 21:30:00,91,-87
2025-01-05 21:35:00,91,-87
2025-01-05 21:40:00,91,-87
2025-01-05 21:45:00,89,-87
2025-01-05 21:50:00,89,-87
2025-01-05 21:55:00,88,-87
2025-01-05 22:00:00,88,-87
2025-01-05 22:00:00,88,-88
2025-01-05 22:05:00,87,-88
2025-01-05 22:10:00,86,-89
2025-01-05 22:15:00,84,-90
2025-01-05 22:20:00,83,-90
2025-01-05 22:25:00,83,-91
2025-01-05 22:30:00,83,-91
2025-01-05 22:35:00,83,-91
2025-01-05 22:40:00,83,-91
2025-01-05 22:45:00,83,-92
2025-01-05 22:50:00,80,-93
2025-01-05 22:55:00,81,-93
2025-01-05 23:00:00,80,-93
2025-01-05 23:05:00,80,-93
2025-01-05 23:10:00,80,-94
2025-01-05 23:15:00,80,-93
2025-01-05 23:20:00,80,-95
2025-01-05 23:25:00,79,-94
2025-01-05 23:30:00,79,-94
2025-01-05 23:35:00,79,-94
2025-01-05 23:40:00,79,-95
2025-01-05 23:45:00,79,-95
2025-01-05 23:50:00,79,-95
2025-01-05 23:55:00,78,-95
2025-01-06 00:00:00,79,-95
2025-01-06 00:05:00,79,-95
2025-01-06 00:10:00,79,-95
2025-01-06 00:15:00,79,-95
2025-01-06 00:20:00,79,-96
2025-01-06 00:25:00,78,-97
2025-01-06 00:30:00,79,-97
2025-01-06 00:35:00,79,-96
2025-01-06 00:40:00,78,-96
2025-01-06 00:45:00,79,-97
2025-01-06 00:50:00,78,-96
2025-01-06 00:55:00,78,-97
2025-01-06 01:00:00,77,-97
2025-01-06 01:00:00,78,-97
2025-01-06 01:05:00,78,-97
2025-01-06 01:10:00,77,-97
2025-01-06 01:15:00,77,-97
2025-01-06 01:20:00,77,-98
2025-01-06 01:25:00,77,-97
2025-01-06 01:30:00,76,-97
2025-01-06 01:35:00,75,-98
2025-01-06 01:40:00,75,-99
2025-01-06 01:45:00,75,-99
2025-01-06 01:50:00,75,-99
2025-01-06 01:55:00,75,-99
2025-01-06 02:00:00,75,-99
2025-01-06 02:05:00,74,-99
2025-01-06 02:10:00,73,-99
2025-01-06 02:15:00,74,-99
2025-01-06 02:20:00,73,-100
2025-01-06 02:25:00,73,-99
2025-01-06 02:30:00,73,-100
2025-01-06 02:35:00,72,-100
2025-01-06 02:40:00,72,-100
2025-01-06 02:45:00,72,-100
2025-01-06 02:50:00,72,-100
2025-01-06 02:55:00,71,-99
2025-01-06 03:00:00,71,-99
2025-01-06 03:05:00,71,-100
2025-01-06 03:10:00,70,-100
2025-01-06 03:15:00,70,-102
2025-01-06 03:20:00,70,-101
2025-01-06 03:25:00,70,-101
2025-01-06 03:30:00,69,-102
2025-01-06 03:35:00,69,-103
2025-01-06 03:40:00,69,-103
2025-01-06 03:45:00,68,-103
2025-01-06 03:50:00,68,-103
2025-01-06 03:55:00,68,-103
2025-01-06 04:00:00,68,-104
2025-01-06 04:00:00,68,-104
2025-01-06 04:05:00,67,-104
2025-01-06 04:10:00,67,-104
2025-01-06 04:15:00,67,-104
2025-01-06 04:20:00,67,-105
2025-01-06 04:25:00,66,-105
2025-01-06 04:30:00,66,-104
2025-01-06 04:35:00,66,-105
2025-01-06 04:40:00,67,-106
2025-01-06 04:45:00,67,-105
2025-01-06 04:50:00,67,-106
2025-01-06 04:55:00,67,-106
2025-01-06 05:00:00,67,-106
2025-01-06 05:05:00,67,-106
2025-01-06 05:10:00,67,-106
2025-01-06 05:15:00,67,-107
2025-01-06 05:20:00,67,-107
2025-01-06 05:25:00,68,-108
2025-01-06 05:30:00,68,-107
2025-01-06 05:35:00,68,-108
2025-01-06 05:40:00,68,-109
2025-01-06 05:45:00,68,-109
2025-01-06 05:50:00,68,-109
2025-01-06 05:55:00,68,-110
2025-01-06 06:00:00,68,-109
2025-01-06 06:05:00,68,-110
2025-01-06 06:10:00,68,-110
2025-01-06 06:15:00,68,-110
2025-01-06 06:20:00,68,-111
2025-01-06 06:25:00,69,-111
2025-01-06 06:30:00,69,-111
2025-01-06 06:35:00,69,-111
2025-01-06 06:40:00,69,-112
2025-01-06 06:45:00,69,-112
2025-01-06 06:50:00,69,-112
2025-01-06 06:55:00,69,-112
2025-01-06 07:00:00,114,-64
2025-01-13 14:00:00,407,485
2025-01-13 14:05:00,379,485
2025-01-13 14:10:00,365,472
2025-01-13 14:15:00,372,478
2025-01-13 17:00:00,353,476
2025-01-14 13:00:00,390,491
2025-01-14 13:05:00,389,491
2025-01-14 13:10:00,391,478
2025-01-14 14:00:00,399,477
2025-01-14 14:05:00,402,472
2025-01-14 14:10:00,403,466
2025-01-14 14:15:00,407,469
2025-01-14 14:20:00,410,462
2025-01-14 14:25:00,401,460
2025-01-14 14:30:00,400,459
2025-01-14 14:35:00,397,454
2025-01-14 14:40:00,395,450
2025-01-14 14:45:00,394,448
2025-01-14 14:50:00,394,460
2025-01-14 14:55:00,375,440
2025-01-14 15:00:00,386,450
2025-01-14 15:05:00,387,448
2025-01-14 15:10:00,388,448
2025-01-14 15:15:00,387,448
2025-01-14 15:20:00,387,448
2025-01-14 15:25:00,387,447
2025-01-14 15:30:00,388,447
2025-01-14 15:35:00,388,448
2025-01-14 15:40:00,389,444
2025-01-14 15:45:00,389,444
2025-01-14 15:50:00,392,445
2025-01-14 15:55:00,389,443
2025-01-14 16:00:00,388,443
2025-01-14 16:05:00,386,443
2025-01-14 16:10:00,388,444
2025-01-14 16:15:00,386,443
2025-01-14 16:20:00,385,442
2025-01-14 16:25:00,385,441
2025-01-14 16:30:00,385,441
2025-01-14 16:35:00,383,441
2025-01-14 16:40:00,383,441
2025-01-14 16:45:00,384,441
2025-01-14 16:50:00,383,440
2025-01-14 16:55:00,383,439
2025-01-14 17:00:00,382,437
2025-01-14 17:05:00,383,437
2025-01-14 17:10:00,383,436
2025-01-14 17:15:00,382,438
2025-01-14 17:20:00,385,438
2025-01-14 17:25:00,385,438
2025-01-14 17:30:00,383,434
2025-01-14 17:35:00,379,431
2025-01-14 17:40:00,384,436
2025-01-14 17:45:00,376,428
2025-01-14 17:50:00,390,442
2025-01-14 17:55:00,390,442
2025-01-14 18:00:00,387,441
2025-01-14 18:05:00,391,439
2025-01-14 18:10:00,388,439
2025-01-14 18:15:00,389,439
2025-01-14 18:20:00,389,440
2025-01-14 18:25:00,387,439
2025-01-14 18:30:00,388,439
2025-01-14 18:35:00,389,439
2025-01-14 18:40:00,387,439
2025-01-14 18:45:00,386,438
2025-01-14 18:50:00,385,436
2025-01-14 18:55:00,385,434
2025-01-14 19:00:00,382,433
2025-01-14 19:05:00,383,433
2025-01-14 19:10:00,381,431
2025-01-14 19:15:00,379,430
2025-01-14 19:20:00,377,427
2025-01-14 19:25:00,380,430
2025-01-14 19:30:00,378,427
2025-01-14 19:35:00,387,437
2025-01-14 19:40:00,387,438
2025-01-14 19:45:00,393,442
2025-01-14 19:50:00,394,443
2025-01-14 19:55:00,393,443
2025-01-14 20:00:00,391,440
2025-01-14 20:05:00,388,437
2025-01-14 20:10:00,394,443
2025-01-14 20:15:00,393,442
2025-01-14 20:20:00,391,440
2025-01-14 20:25:00,388,438
2025-01-14 20:30:00,388,438
2025-01-14 20:35:00,388,438
2025-01-14 20:40:00,390,439
2025-01-14 20:45:00,389,438
2025-01-14 20:50:00,390,438
2025-01-14 20:55:00,391,439
2025-01-14 21:00:00,386,436
2025-01-14 21:05:00,387,436
2025-01-14 21:10:00,387,436
2025-01-14 21:15:00,388,437
2025-01-14 21:20:00,389,437
2025-01-14 21:25:00,391,441
2025-01-14 21:30:00,392,442
2025-01-14 21:35:00,394,442
2025-01-14 21:40:00,393,443
2025-01-14 21:45:00,392,443
2025-01-14 21:50:00,393,443
2025-01-14 21:55:00,393,443
2025-01-14 22:00:00,393,442
2025-01-14 22:05:00,392,442
2025-01-14 22:10:00,392,442
2025-01-14 22:15:00,392,441
2025-01-14 22:20:00,392,441
2025-01-14 22:25:00,392,442
2025-01-14 22:30:00,392,441
2025-01-14 22:35:00,390,441
2025-01-14 22:40:00,391,441
2025-01-14 22:45:00,388,440
2025-01-14 22:50:00,390,440
2025-01-14 22:55:00,389,439
2025-01-14 23:00:00,389,440
2025-01-14 23:05:00,391,440
2025-01-14 23:10:00,390,440
2025-01-14 23:15:00,390,440
2025-01-14 23:20:00,389,439
2025-01-14 23:25:00,389,439
2025-01-14 23:30:00,390,440
2025-01-14 23:35:00,390,440
2025-01-14 23:40:00,390,439
2025-01-14 23:45:00,390,439
2025-01-14 23:50:00,390,439
2025-01-14 23:55:00,389,439
2025-01-15 00:00:00,388,439
2025-01-15 00:05:00,390,439
2025-01-15 00:10:00,390,440
2025-01-15 00:15:00,388,440
2025-01-15 00:20:00,388,439
2025-01-15 00:25:00,390,440
2025-01-15 00:30:00,390,440
2025-01-15 00:35:00,391,440
2025-01-15 00:40:00,390,440
2025-01-15 00:45:00,391,440
2025-01-15 00:50:00,391,440
2025-01-15 00:55:00,390,440
2025-01-15 01:00:00,391,440
2025-01-15 01:05:00,391,441
2025-01-15 01:10:00,391,440
2025-01-15 01:15:00,391,440
2025-01-15 01:20:00,391,441
2025-01-15 01:25:00,392,442
2025-01-15 01:30:00,392,441
2025-01-15 01:35:00,392,441
2025-01-15 01:40:00,392,442
2025-01-15 01:45:00,392,442
2025-01-15 01:50:00,392,441
2025-01-15 01:55:00,391,442
2025-01-15 02:00:00,392,441
2025-01-15 02:05:00,391,441
2025-01-15 02:10:00,391,440
2025-01-15 02:15:00,390,439
2025-01-15 02:20:00,389,439
2025-01-15 02:25:00,390,440
2025-01-15 02:30:00,389,440
2025-01-15 02:35:00,390,440
2025-01-15 02:40:00,390,440
2025-01-15 02:45:00,390,440
2025-01-15 02:50:00,389,439
2025-01-15 02:55:00,390,439
2025-01-15 03:00:00,388,439
2025-01-15 03:05:00,387,439
2025-01-15 03:10:00,388,439
2025-01-15 03:15:00,388,439
2025-01-15 03:20:00,387,438
2025-01-15 03:25:00,387,438
2025-01-15 03:30:00,386,438
2025-01-15 03:35:00,385,438
2025-01-15 03:40:00,385,437
2025-01-15 03:45:00,386,437
2025-01-15 03:50:00,386,437
2025-01-15 03:55:00,385,437
2025-01-15 04:00:00,385,436
2025-01-15 04:05:00,386,436
2025-01-15 04:10:00,385,435
2025-01-15 04:15:00,385,435
2025-01-15 04:20:00,384,435
2025-01-15 04:25:00,384,435
2025-01-15 04:30:00,383,434
2025-01-15 04:35:00,384,434
2025-01-15 04:40:00,383,434
2025-01-15 04:45:00,383,433
2025-01-15 04:50:00,382,433
2025-01-15 04:55:00,382,433
2025-01-15 05:00:00,383,433
2025-01-15 05:05:00,383,433
2025-01-15 05:10:00,383,433
2025-01-15 05:15:00,384,433
2025-01-15 05:20:00,383,432
2025-01-15 05:25:00,385,433
2025-01-15 05:30:00,385,434
2025-01-15 05:35:00,385,435
2025-01-15 05:40:00,384,434
2025-01-15 05:45:00,385,435
2025-01-15 05:50:00,384,435
2025-01-15 05:55:00,384,435
2025-01-15 06:00:00,385,434
2025-01-15 06:05:00,385,434
2025-01-15 06:10:00,386,435
2025-01-15 06:15:00,387,435
2025-01-15 06:20:00,386,435
2025-01-15 06:25:00,387,436
2025-01-15 06:30:00,389,436
2025-01-15 06:35:00,389,436
2025-01-15 06:40:00,389,437
2025-01-15 06:45:00,390,437
2025-01-15 06:50:00,388,437
2025-01-15 06:55:00,387,437
2025-01-15 07:00:00,386,437
2025-01-15 07:05:00,386,437
2025-01-15 07:10:00,386,437
2025-01-15 07:15:00,386,438
2025-01-15 07:20:00,386,438
2025-01-15 07:25:00,386,438
2025-01-15 07:30:00,385,437
2025-01-15 07:35:00,385,438
2025-01-15 07:40:00,386,438
2025-01-15 07:45:00,386,438
2025-01-15 07:50:00,386,438
2025-01-15 07:55:00,388,439
2025-01-15 08:00:00,386,438
2025-01-15 08:05:00,386,439
2025-01-15 08:10:00,386,439
2025-01-15 08:15:00,386,439
2025-01-15 08:20:00,384,438
2025-01-15 08:25:00,385,438
2025-01-15 08:30:00,385,438
2025-01-15 08:35:00,384,439
2025-01-15 08:40:00,385,439
2025-01-15 08:45:00,385,439
2025-01-15 08:50:00,386,438
2025-01-15 08:55:00,385,439
2025-01-15 09:00:00,385,438
2025-01-15 09:05:00,386,439
2025-01-15 09:10:00,386,438
2025-01-15 09:15:00,387,438
2025-01-15 09:20:00,387,438
2025-01-15 09:25:00,386,438
2025-01-15 09:30:00,387,438
2025-01-15 09:35:00,386,438
2025-01-15 09:40:00,386,438
2025-01-15 09:45:00,387,438
2025-01-15 09:50:00,387,438
2025-01-15 09:55:00,387,437
2025-01-15 10:00:00,387,439
2025-01-15 10:05:00,388,439
2025-01-15 10:10:00,387,439
2025-01-15 10:15:00,388,440
2025-01-15 10:20:00,387,438
2025-01-15 10:25:00,388,438
2025-01-15 10:30:00,388,438
2025-01-15 10:35:00,387,439
2025-01-15 10:40:00,387,437
2025-01-15 10:45:00,388,439
2025-01-15 10:50:00,391,439
2025-01-15 10:55:00,392,440
2025-01-15 11:00:00,392,440
2025-01-15 11:05:00,391,439
2025-01-15 11:10:00,391,439
2025-01-15 11:15:00,391,439
2025-01-15 11:20:00,391,439
2025-01-15 11:25:00,391,439
2025-01-15 11:30:00,392,439
2025-01-15 11:35:00,391,439
2025-01-15 11:40:00,391,438
2025-01-15 11:45:00,391,438
2025-01-15 11:50:00,392,438
2025-01-15 11:55:00,392,438
2025-01-15 12:00:00,392,438
2025-01-15 12:05:00,392,437
2025-01-15 12:10:00,392,438
2025-01-15 12:15:00,392,438
2025-01-15 12:20:00,393,440
2025-01-15 12:25:00,394,441
2025-01-15 12:30:00,393,439
2025-01-15 12:35:00,392,439
2025-01-15 12:40:00,392,439
2025-01-15 12:45:00,390,437
2025-01-15 12:50:00,390,437
2025-01-15 12:55:00,389,437
2025-01-15 13:00:00,390,437
2025-01-15 13:00:00,390,437
2025-01-15 13:05:00,389,436
2025-01-15 13:10:00,390,437
2025-01-15 13:15:00,391,437
2025-01-15 13:20:00,391,437
2025-01-15 13:25:00,391,438
2025-01-15 13:30:00,391,437
2025-01-15 13:35:00,391,437
2025-01-15 13:40:00,391,437
2025-01-15 13:45:00,390,437
2025-01-15 13:50:00,387,430
2025-01-15 13:55:00,415,471
2025-01-15 14:00:00,408,471
2025-01-15 14:05:00,408,473
2025-01-15 14:10:00,404,470
2025-01-15 14:15:00,406,472
2025-01-15 14:20:00,404,470
2025-01-15 14:25:00,403,469
2025-01-15 14:30:00,400,468
2025-01-15 14:35:00,402,470
2025-01-15 14:40:00,400,423
2025-01-15 14:45:00,408,472
2025-01-15 14:50:00,371,432
2025-01-15 14:55:00,374,432
2025-01-15 15:00:00,374,460
2025-01-15 15:00:00,372,459
2025-01-15 15:05:00,376,458
2025-01-15 15:10:00,369,436
2025-01-15 15:15:00,379,450
2025-01-15 15:20:00,377,445
2025-01-15 15:25:00,379,429
2025-01-15 15:30:00,384,452
2025-01-15 15:35:00,372,426
2025-01-15 15:40:00,368,416
2025-01-15 15:45:00,370,436
2025-01-15 15:50:00,370,427
2025-01-15 15:55:00,368,444
2025-01-15 16:00:00,369,451
2025-01-15 16:05:00,369,452
2025-01-15 16:10:00,370,447
2025-01-15 16:15:00,372,449
2025-01-15 16:20:00,368,449
2025-01-15 16:25:00,367,449
2025-01-15 16:30:00,369,448
2025-01-15 16:35:00,369,449
2025-01-15 16:40:00,368,449
2025-01-15 16:45:00,370,449
2025-01-15 16:50:00,370,449
2025-01-15 16:55:00,372,446
2025-01-15 17:00:00,371,446
2025-01-15 17:05:00,366,448
2025-01-15 17:10:00,366,433
2025-01-15 17:15:00,366,426
2025-01-15 17:20:00,365,441
2025-01-15 17:25:00,365,439
2025-01-15 17:30:00,365,437
2025-01-15 17:35:00,365,436
2025-01-15 17:40:00,365,435
2025-01-15 17:45:00,365,435
2025-01-15 17:50:00,366,439
2025-01-15 17:55:00,366,439
2025-01-15 18:00:00,367,440
2025-01-15 18:05:00,367,436
2025-01-15 18:10:00,368,417
2025-01-15 18:15:00,369,434
2025-01-15 18:20:00,367,430
2025-01-15 18:25:00,368,425
2025-01-15 18:30:00,368,432
2025-01-15 18:35:00,368,433
2025-01-15 18:40:00,368,427
2025-01-15 18:45:00,368,433
2025-01-15 18:50:00,368,430
2025-01-15 18:55:00,369,440
2025-01-15 19:00:00,369,434
2025-01-15 19:05:00,369,436
2025-01-15 19:10:00,369,441
2025-01-15 19:15:00,369,428
2025-01-15 19:20:00,369,425
2025-01-15 19:25:00,369,425
2025-01-15 19:30:00,369,438
2025-01-15 19:35:00,368,430
2025-01-15 19:40:00,369,439
2025-01-15 19:45:00,369,422
2025-01-15 19:50:00,367,441
2025-01-15 19:55:00,367,441
2025-01-15 20:00:00,367,432
2025-01-15 20:05:00,367,437
2025-01-15 20:10:00,367,440
2025-01-15 20:15:00,367,446
2025-01-15 20:20:00,366,443
2025-01-15 20:25:00,366,445
2025-01-15 20:30:00,366,445
2025-01-15 20:35:00,367,444
2025-01-15 20:40:00,366,447
2025-01-15 20:45:00,369,448
2025-01-15 20:50:00,368,441
2025-01-15 20:55:00,368,442
2025-01-15 21:00:00,368,443
2025-01-15 21:05:00,368,442
2025-01-15 21:10:00,367,440
2025-01-15 21:15:00,367,439
2025-01-15 21:20:00,368,441
2025-01-15 21:25:00,368,440
2025-01-15 21:30:00,366,440
2025-01-15 21:35:00,366,437
2025-01-15 21:40:00,366,435
2025-01-15 21:45:00,367,440
2025-01-15 21:50:00,367,441
2025-01-15 21:55:00,367,445
2025-01-15 22:00:00,368,442
2025-01-15 22:05:00,367,443
2025-01-15 22:10:00,368,440
2025-01-15 22:15:00,368,438
2025-01-15 22:20:00,367,442
2025-01-15 22:25:00,366,439
2025-01-15 22:30:00,366,439
2025-01-15 22:35:00,368,439
2025-01-15 22:40:00,367,431
2025-01-15 22:45:00,366,435
2025-01-15 22:50:00,367,437
2025-01-15 22:55:00,367,438
2025-01-15 23:00:00,367,423
2025-01-15 23:05:00,366,417
2025-01-15 23:10:00,366,423
2025-01-15 23:15:00,366,425
2025-01-15 23:20:00,367,430
2025-01-15 23:25:00,367,418
2025-01-15 23:30:00,367,428
2025-01-15 23:35:00,367,428
2025-01-15 23:40:00,368,424
2025-01-15 23:45:00,366,423
2025-01-15 23:50:00,368,429
2025-01-15 23:55:00,366,438
2025-01-16 00:00:00,366,438
2025-01-16 00:05:00,366,426
2025-01-16 00:10:00,366,419
2025-01-16 00:15:00,367,418
2025-01-16 00:20:00,365,411
2025-01-16 00:25:00,365,431
2025-01-16 00:30:00,365,438
2025-01-16 00:35:00,365,421
2025-01-16 00:40:00,364,420
2025-01-16 00:45:00,365,422
2025-01-16 00:50:00,365,426
2025-01-16 00:55:00,365,429
2025-01-16 01:00:00,364,424
2025-01-16 01:05:00,366,418
2025-01-16 01:10:00,365,438
2025-01-16 01:15:00,364,423
2025-01-16 01:20:00,364,415
2025-01-16 01:25:00,365,415
2025-01-16 01:30:00,365,423
2025-01-16 01:35:00,364,422
2025-01-16 01:40:00,365,437
2025-01-16 01:45:00,366,437
2025-01-16 01:50:00,366,417
2025-01-16 01:55:00,366,437
2025-01-16 02:00:00,366,437
2025-01-16 02:05:00,366,429
2025-01-16 02:10:00,367,423
2025-01-16 02:15:00,366,426
2025-01-16 02:20:00,365,432
2025-01-16 02:25:00,366,428
2025-01-16 02:30:00,366,436
2025-01-16 02:35:00,366,427
2025-01-16 02:40:00,365,436
2025-01-16 02:45:00,365,435
2025-01-16 02:50:00,365,431
2025-01-16 02:55:00,366,434
2025-01-16 03:00:00,366,437
2025-01-16 03:05:00,366,435
2025-01-16 03:10:00,365,433
2025-01-16 03:15:00,366,432
2025-01-16 03:20:00,365,428
2025-01-16 03:25:00,365,426
2025-01-16 03:30:00,366,429
2025-01-16 03:35:00,364,423
2025-01-16 03:40:00,365,426
2025-01-16 03:45:00,364,427
2025-01-16 03:50:00,364,429
2025-01-16 03:55:00,365,428
2025-01-16 04:00:00,364,427
2025-01-16 04:05:00,364,429
2025-01-16 04:10:00,364,426
2025-01-16 04:15:00,364,427
2025-01-16 04:20:00,364,424
2025-01-16 04:25:00,364,436
2025-01-16 04:30:00,364,422
2025-01-16 04:35:00,364,428
2025-01-16 04:40:00,365,426
2025-01-16 04:45:00,364,428
2025-01-16 04:50:00,364,427
2025-01-16 04:55:00,363,428
2025-01-16 05:00:00,363,431
2025-01-16 05:05:00,363,432
2025-01-16 05:10:00,363,428
2025-01-16 05:15:00,364,430
2025-01-16 05:20:00,364,434
2025-01-16 05:25:00,364,436
2025-01-16 05:30:00,364,435
2025-01-16 05:35:00,364,434
2025-01-16 05:40:00,364,432
2025-01-16 05:45:00,364,422
2025-01-16 05:50:00,364,434
2025-01-16 05:55:00,364,429
2025-01-16 06:00:00,364,423
2025-01-16 06:05:00,364,425
2025-01-16 06:10:00,364,432
2025-01-16 06:15:00,364,435
2025-01-16 06:20:00,364,437
2025-01-16 06:25:00,364,438
2025-01-16 06:30:00,365,437
2025-01-16 06:35:00,365,438
2025-01-16 06:40:00,366,437
2025-01-16 06:45:00,365,436
2025-01-16 06:50:00,365,422
2025-01-16 06:55:00,366,428
2025-01-16 07:00:00,366,433
2025-01-16 07:05:00,366,434
2025-01-16 07:10:00,366,429
2025-01-16 07:15:00,366,429
2025-01-16 07:20:00,366,427
2025-01-16 07:25:00,366,429
2025-01-16 07:30:00,366,437
2025-01-16 07:35:00,366,430
2025-01-16 07:40:00,366,436
2025-01-16 07:45:00,367,435
2025-01-16 07:50:00,367,419
2025-01-16 07:55:00,367,424
2025-01-16 08:00:00,368,430
2025-01-16 08:05:00,367,433
2025-01-16 08:10:00,367,432
2025-01-16 08:15:00,366,440
2025-01-16 08:20:00,367,437
2025-01-16 08:25:00,367,433
2025-01-16 08:30:00,367,436
2025-01-16 08:35:00,367,434
2025-01-16 08:40:00,367,437
2025-01-16 08:45:00,370,438
2025-01-16 08:50:00,373,436
2025-01-16 08:55:00,369,436
2025-01-16 09:00:00,370,436
2025-01-16 09:05:00,369,437
2025-01-16 09:10:00,368,438
2025-01-16 09:15:00,368,436
2025-01-16 09:20:00,368,436
2025-01-16 09:25:00,369,436
2025-01-16 09:30:00,369,436
2025-01-16 09:35:00,368,437
2025-01-16 09:40:00,368,437
2025-01-16 09:45:00,368,436
2025-01-16 09:50:00,368,437
2025-01-16 09:55:00,368,436
2025-01-16 10:00:00,369,438
2025-01-16 10:05:00,368,437
2025-01-16 10:10:00,368,437
2025-01-16 10:15:00,368,434
2025-01-16 10:20:00,367,432
2025-01-16 10:25:00,368,430
2025-01-16 10:30:00,368,425
2025-01-16 10:35:00,368,434
2025-01-16 10:40:00,369,432
2025-01-16 10:45:00,369,431
2025-01-16 10:50:00,369,433
2025-01-16 10:55:00,368,437
2025-01-16 11:00:00,368,435
2025-01-16 11:05:00,369,435
2025-01-16 11:10:00,368,434
2025-01-16 11:15:00,368,436
2025-01-16 11:20:00,369,431
2025-01-16 11:25:00,369,431
2025-01-16 11:30:00,369,434
2025-01-16 11:35:00,369,436
2025-01-16 11:40:00,369,429
2025-01-16 11:45:00,369,432
2025-01-16 11:50:00,369,436
2025-01-16 11:55:00,369,436
2025-01-16 12:00:00,369,436
2025-01-16 12:05:00,369,436
2025-01-16 12:10:00,369,435
2025-01-16 12:15:00,369,435
2025-01-16 12:20:00,370,435
2025-01-16 12:25:00,369,435
2025-01-16 12:30:00,369,436
2025-01-16 12:35:00,369,436
2025-01-16 12:40:00,368,436
2025-01-16 12:45:00,368,436
2025-01-16 12:50:00,369,434
2025-01-16 12:55:00,369,434
2025-01-16 13:00:00,369,434
2025-01-16 13:00:00,369,434
2025-01-16 13:05:00,368,434
2025-01-16 13:10:00,369,433
2025-01-16 13:15:00,368,434
2025-01-16 13:20:00,368,433
2025-01-16 13:25:00,368,433
2025-01-16 13:30:00,368,433
2025-01-16 13:35:00,367,433
2025-01-16 13:40:00,368,433
2025-01-16 13:45:00,367,432
2025-01-16 13:50:00,367,432
2025-01-16 13:55:00,367,432
2025-01-16 14:00:00,367,452
2025-01-16 14:05:00,367,454
2025-01-16 14:10:00,367,451
2025-01-16 14:15:00,367,447
2025-01-16 14:20:00,367,449
2025-01-16 14:25:00,367,451
2025-01-16 14:30:00,366,453
2025-01-16 14:35:00,366,451
2025-01-16 14:40:00,367,452
2025-01-16 14:45:00,366,446
2025-01-16 14:50:00,366,449
2025-01-16 14:55:00,366,451
2025-01-16 15:00:00,366,450
2025-01-16 15:05:00,366,449
2025-01-16 15:10:00,366,450
2025-01-16 15:15:00,365,448
2025-01-16 15:20:00,366,447
2025-01-16 15:25:00,365,448
2025-01-16 15:30:00,365,448
2025-01-16 15:35:00,365,450
2025-01-16 15:40:00,366,450
2025-01-16 15:45:00,365,452
2025-01-16 15:50:00,365,451
2025-01-16 15:55:00,364,451
2025-01-16 16:00:00,365,451
2025-01-16 16:05:00,364,450
2025-01-16 16:10:00,364,446
2025-01-16 16:15:00,364,447
2025-01-16 16:20:00,364,448
2025-01-16 16:25:00,364,450
2025-01-16 16:30:00,364,452
2025-01-16 16:35:00,364,452
2025-01-16 16:40:00,363,452
2025-01-16 16:45:00,363,452
2025-01-16 16:50:00,363,452
2025-01-16 16:55:00,364,452
2025-01-16 17:00:00,364,451
2025-01-16 17:05:00,363,452
2025-01-16 17:10:00,364,452
2025-01-16 17:15:00,364,453
2025-01-16 17:20:00,364,453
2025-01-16 17:25:00,364,451
2025-01-16 17:30:00,364,451
2025-01-16 17:35:00,364,452
2025-01-16 17:40:00,363,451
2025-01-16 17:45:00,364,452
2025-01-16 17:50:00,363,452
2025-01-16 17:55:00,364,451
2025-01-16 18:00:00,364,451
2025-01-16 18:05:00,364,451
2025-01-16 18:10:00,364,451
2025-01-16 18:15:00,364,451
2025-01-16 18:20:00,364,450
2025-01-16 18:25:00,364,450
2025-01-16 18:30:00,365,451
2025-01-16 18:35:00,364,450
2025-01-16 18:40:00,364,450
2025-01-16 18:45:00,364,451
2025-01-16 18:50:00,364,451
2025-01-16 18:55:00,364,450
2025-01-16 19:00:00,365,450
2025-01-16 19:05:00,365,451
2025-01-16 19:10:00,364,450
2025-01-16 19:15:00,365,450
2025-01-16 19:20:00,364,450
2025-01-16 19:25:00,365,450
2025-01-16 19:30:00,364,450
2025-01-16 19:35:00,365,450
2025-01-16 19:40:00,366,450
2025-01-16 19:45:00,365,450
2025-01-16 19:50:00,365,450
2025-01-16 19:55:00,365,451
2025-01-16 20:00:00,365,450
2025-01-16 20:05:00,365,450
2025-01-16 20:10:00,365,449
2025-01-16 20:15:00,365,449
2025-01-16 20:20:00,365,449
2025-01-16 20:25:00,364,448
2025-01-16 20:30:00,365,450
2025-01-16 20:35:00,365,448
2025-01-16 20:40:00,365,449
2025-01-16 20:45:00,365,448
2025-01-16 20:50:00,365,449
2025-01-16 20:55:00,365,449
2025-01-16 21:00:00,365,450
2025-01-16 21:05:00,364,449
2025-01-16 21:10:00,365,450
2025-01-16 21:15:00,365,449
2025-01-16 21:20:00,365,450
2025-01-16 21:25:00,365,450
2025-01-16 21:30:00,365,450
2025-01-16 21:35:00,365,450
2025-01-16 21:40:00,365,450
2025-01-16 21:45:00,365,450
2025-01-16 21:50:00,364,450
2025-01-16 21:55:00,365,449
2025-01-16 22:00:00,365,450
2025-01-16 22:05:00,365,449
2025-01-16 22:10:00,365,450
2025-01-16 22:15:00,365,449
2025-01-16 22:20:00,365,449
2025-01-16 22:25:00,364,449
2025-01-16 22:30:00,364,449
2025-01-16 22:35:00,364,449
2025-01-16 22:40:00,365,449
2025-01-16 22:45:00,365,450
2025-01-16 22:50:00,364,449
2025-01-16 22:55:00,364,449
2025-01-16 23:00:00,365,449
2025-01-16 23:05:00,364,449
2025-01-16 23:10:00,364,449
2025-01-16 23:15:00,364,449
2025-01-16 23:20:00,363,450
2025-01-16 23:25:00,364,450
2025-01-16 23:30:00,364,450
2025-01-16 23:35:00,364,450
2025-01-16 23:40:00,364,449
2025-01-16 23:45:00,364,450
2025-01-16 23:50:00,364,450
2025-01-16 23:55:00,365,449
2025-01-17 00:00:00,365,449
2025-01-17 00:05:00,364,449
2025-01-17 00:10:00,364,449
2025-01-17 00:15:00,365,450
2025-01-17 00:20:00,365,450
2025-01-17 00:25:00,364,449
2025-01-17 00:30:00,365,449
2025-01-17 00:35:00,365,449
2025-01-17 00:40:00,365,450
2025-01-17 00:45:00,365,449
2025-01-17 00:50:00,365,449
2025-01-17 00:55:00,365,448
2025-01-17 01:00:00,365,447
2025-01-17 01:05:00,365,448
2025-01-17 01:10:00,364,448
2025-01-17 01:15:00,367,449
2025-01-17 01:20:00,366,448
2025-01-17 01:25:00,367,448
2025-01-17 01:30:00,367,448
2025-01-17 01:35:00,367,448
2025-01-17 01:40:00,366,447
2025-01-17 01:45:00,367,448
2025-01-17 01:50:00,367,447
2025-01-17 01:55:00,367,446
2025-01-17 02:00:00,366,445
2025-01-17 02:05:00,367,446
2025-01-17 02:10:00,366,446
2025-01-17 02:15:00,367,448
2025-01-17 02:20:00,366,446
2025-01-17 02:25:00,366,446
2025-01-17 02:30:00,366,446
2025-01-17 02:35:00,366,448
2025-01-17 02:40:00,367,449
2025-01-17 02:45:00,367,449
2025-01-17 02:50:00,367,449
2025-01-17 02:55:00,367,448
2025-01-17 03:00:00,367,446
2025-01-17 03:05:00,367,446
2025-01-17 03:10:00,367,446
2025-01-17 03:15:00,367,446
2025-01-17 03:20:00,367,446
2025-01-17 03:25:00,367,444
2025-01-17 03:30:00,368,444
2025-01-17 03:35:00,367,442
2025-01-17 03:40:00,368,444
2025-01-17 03:45:00,368,445
2025-01-17 03:50:00,367,444
2025-01-17 03:55:00,367,450
2025-01-17 04:00:00,367,450
2025-01-17 04:05:00,367,453
2025-01-17 04:10:00,367,450
2025-01-17 04:15:00,367,452
2025-01-17 04:20:00,367,451
2025-01-17 04:25:00,367,452
2025-01-17 04:30:00,367,451
2025-01-17 04:35:00,367,452
2025-01-17 04:40:00,367,453
2025-01-17 04:45:00,367,452
2025-01-17 04:50:00,367,451
2025-01-17 04:55:00,366,450
2025-01-17 05:00:00,366,451
2025-01-17 05:05:00,366,452
2025-01-17 05:10:00,367,450
2025-01-17 05:15:00,367,451
2025-01-17 05:20:00,367,450
2025-01-17 05:25:00,367,451
2025-01-17 05:30:00,367,453
2025-01-17 05:35:00,367,451
2025-01-17 05:40:00,367,452
2025-01-17 05:45:00,367,451
2025-01-17 05:50:00,367,451
2025-01-17 05:55:00,365,452
2025-01-17 06:00:00,365,453
2025-01-17 06:05:00,366,455
2025-01-17 06:10:00,366,454
2025-01-17 06:15:00,366,455
2025-01-17 06:20:00,366,454
2025-01-17 06:25:00,366,453
2025-01-17 06:30:00,366,454
2025-01-17 06:35:00,367,455
2025-01-17 06:40:00,367,454
2025-01-17 06:45:00,367,455
2025-01-17 06:50:00,366,455
2025-01-17 06:55:00,367,454
2025-01-17 07:00:00,367,453
2025-01-17 07:05:00,367,454
2025-01-17 07:10:00,367,454
2025-01-17 07:15:00,367,455
2025-01-17 07:20:00,367,455
2025-01-17 07:25:00,367,453
2025-01-17 07:30:00,367,455
2025-01-17 07:35:00,367,455
2025-01-17 07:40:00,366,455
2025-01-17 07:45:00,366,455
2025-01-17 07:50:00,367,455
2025-01-17 07:55:00,367,455
2025-01-17 08:00:00,366,455
2025-01-17 08:05:00,367,455
2025-01-17 08:10:00,367,455
2025-01-17 08:15:00,367,455
2025-01-17 08:20:00,367,454
2025-01-17 08:25:00,366,455
2025-01-17 08:30:00,367,455
2025-01-17 08:35:00,367,455
2025-01-17 08:40:00,368,455
2025-01-17 08:45:00,368,456
2025-01-17 08:50:00,368,455
2025-01-17 08:55:00,368,455
2025-01-17 09:00:00,368,455
2025-01-17 09:05:00,368,455
2025-01-17 09:10:00,368,455
2025-01-17 09:15:00,368,455
2025-01-17 09:20:00,369,456
2025-01-17 09:25:00,369,456
2025-01-17 09:30:00,369,455
2025-01-17 09:35:00,369,455
2025-01-17 09:40:00,368,455
2025-01-17 09:45:00,369,455
2025-01-17 09:50:00,369,455
2025-01-17 09:55:00,369,456
2025-01-17 10:00:00,369,455
2025-01-17 10:05:00,369,456
2025-01-17 10:10:00,369,456
2025-01-17 10:15:00,368,455
2025-01-17 10:20:00,368,455
2025-01-17 10:25:00,368,456
2025-01-17 10:30:00,368,455
2025-01-17 10:35:00,368,455
2025-01-17 10:40:00,368,455
2025-01-17 10:45:00,368,455
2025-01-17 10:50:00,368,455
2025-01-17 10:55:00,368,455
2025-01-17 11:00:00,368,455
2025-01-17 11:05:00,368,455
2025-01-17 11:10:00,368,455
2025-01-17 11:15:00,368,455
2025-01-17 11:20:00,368,455
2025-01-17 11:25:00,368,452
2025-01-17 11:30:00,368,452
2025-01-17 11:35:00,367,450
2025-01-17 11:40:00,367,451
2025-01-17 11:45:00,368,451
2025-01-17 11:50:00,367,450
2025-01-17 11:55:00,367,450
2025-01-17 12:00:00,366,452
2025-01-17 12:05:00,367,451
2025-01-17 12:10:00,367,451
2025-01-17 12:15:00,366,453
2025-01-17 12:20:00,366,454
2025-01-17 12:25:00,367,454
2025-01-17 12:30:00,366,453
2025-01-17 12:35:00,366,454
2025-01-17 12:40:00,366,453
2025-01-17 12:45:00,366,454
2025-01-17 12:50:00,366,453
2025-01-17 12:55:00,366,453
2025-01-17 13:00:00,366,453
2025-01-17 13:00:00,366,453
2025-01-17 13:05:00,366,452
2025-01-17 13:10:00,366,452
2025-01-17 13:15:00,366,452
2025-01-17 13:20:00,366,452
2025-01-17 13:25:00,366,452
2025-01-17 13:30:00,367,453
2025-01-17 13:35:00,366,452
2025-01-17 13:40:00,366,453
2025-01-17 13:45:00,366,452
2025-01-17 13:50:00,366,452
2025-01-17 13:55:00,367,452
2025-01-17 14:00:00,366,452
2025-01-17 14:05:00,367,452
2025-01-17 14:10:00,366,452
2025-01-17 14:15:00,367,452
2025-01-17 14:20:00,367,452
2025-01-17 14:25:00,367,452
2025-01-17 14:30:00,366,452
2025-01-17 14:35:00,367,443
2025-01-17 14:40:00,367,442
2025-01-17 14:45:00,367,442
2025-01-17 14:50:00,367,442
2025-01-17 14:55:00,367,442
2025-01-17 15:00:00,367,443
2025-01-17 15:05:00,367,443
2025-01-17 15:10:00,367,443
2025-01-17 15:15:00,367,443
2025-01-17 15:20:00,367,443
2025-01-17 15:25:00,367,443
2025-01-17 15:30:00,367,443
2025-01-17 15:35:00,367,441
2025-01-17 15:40:00,367,442
2025-01-17 15:45:00,367,443
2025-01-17 15:50:00,367,443
2025-01-17 15:55:00,367,443
2025-01-17 16:00:00,367,442
2025-01-17 16:05:00,367,443
2025-01-17 16:10:00,367,443
2025-01-17 16:15:00,367,442
2025-01-17 16:20:00,367,443
2025-01-17 16:25:00,367,443
2025-01-17 16:30:00,367,442
2025-01-17 16:35:00,367,443
2025-01-17 16:40:00,366,443
2025-01-17 16:45:00,366,442
2025-01-17 16:50:00,366,443
2025-01-17 16:55:00,366,442
2025-01-17 17:00:00,366,442
2025-01-17 17:05:00,366,443
2025-01-17 17:10:00,366,442
2025-01-17 17:15:00,366,443
2025-01-17 17:20:00,367,441
2025-01-17 17:25:00,366,440
2025-01-17 17:30:00,366,442
2025-01-17 17:35:00,366,442
2025-01-17 17:40:00,366,440
2025-01-17 17:45:00,366,441
2025-01-17 17:50:00,366,442
2025-01-17 17:55:00,365,441
2025-01-17 18:00:00,366,440
2025-01-17 18:05:00,366,440
2025-01-17 18:10:00,366,440
2025-01-17 18:15:00,365,441
2025-01-17 18:20:00,366,441
2025-01-17 18:25:00,366,441
2025-01-17 18:30:00,365,440
2025-01-17 18:35:00,365,440
2025-01-17 18:40:00,365,441
2025-01-17 18:45:00,365,440
2025-01-17 18:50:00,365,440
2025-01-17 18:55:00,365,441
2025-01-17 19:00:00,365,441
2025-01-17 19:05:00,366,441
2025-01-17 19:10:00,365,441
2025-01-17 19:15:00,366,441
2025-01-17 19:20:00,365,441
2025-01-17 19:25:00,365,441
2025-01-17 19:30:00,365,441
2025-01-17 19:35:00,365,442
2025-01-17 19:40:00,366,442
2025-01-17 19:45:00,365,441
2025-01-17 19:50:00,366,441
2025-01-17 19:55:00,366,440
2025-01-17 20:00:00,365,440
2025-01-17 20:05:00,365,440
2025-01-17 20:10:00,366,441
2025-01-17 20:15:00,366,441
2025-01-17 20:20:00,366,441
2025-01-17 20:25:00,366,441
2025-01-17 20:30:00,366,442
2025-01-17 20:35:00,366,441
2025-01-17 20:40:00,367,440
2025-01-17 20:45:00,366,441
2025-01-17 20:50:00,367,442
2025-01-17 20:55:00,366,441
2025-01-17 21:00:00,366,440
2025-01-17 21:05:00,366,442
2025-01-17 21:10:00,366,440
2025-01-17 21:15:00,366,441
2025-01-17 21:20:00,366,441
2025-01-17 21:25:00,366,442
2025-01-17 21:30:00,366,441
2025-01-17 21:35:00,366,441
2025-01-17 21:40:00,366,440
2025-01-17 21:45:00,366,440
2025-01-17 21:50:00,366,441
2025-01-17 21:55:00,366,442
2025-01-17 22:00:00,366,440
2025-01-17 22:05:00,366,442
2025-01-17 22:10:00,366,440
2025-01-17 22:15:00,366,441
2025-01-17 22:20:00,366,440
2025-01-17 22:25:00,366,440
2025-01-17 22:30:00,366,441
2025-01-17 22:35:00,367,440
2025-01-17 22:40:00,367,440
2025-01-17 22:45:00,367,441
2025-01-17 22:50:00,366,439
2025-01-17 22:55:00,366,440
2025-01-17 23:00:00,366,440
2025-01-17 23:05:00,367,439
2025-01-17 23:10:00,366,438
2025-01-17 23:15:00,367,439
2025-01-17 23:20:00,367,440
2025-01-17 23:25:00,367,441
2025-01-17 23:30:00,367,436
2025-01-17 23:35:00,367,441
2025-01-17 23:40:00,366,440
2025-01-17 23:45:00,367,440
2025-01-17 23:50:00,367,441
2025-01-17 23:55:00,367,441
2025-01-18 00:00:00,366,441
2025-01-18 00:05:00,366,441
2025-01-18 00:10:00,366,440
2025-01-18 00:15:00,366,440
2025-01-18 00:20:00,366,439
2025-01-18 00:25:00,366,440
2025-01-18 00:30:00,366,441
2025-01-18 00:35:00,366,441
2025-01-18 00:40:00,365,440
2025-01-18 00:45:00,366,440
2025-01-18 00:50:00,367,441
2025-01-18 00:55:00,366,441
2025-01-18 01:00:00,365,440
2025-01-18 01:05:00,366,440
2025-01-18 01:10:00,366,441
2025-01-18 01:15:00,366,440
2025-01-18 01:20:00,366,440
2025-01-18 01:25:00,366,440
2025-01-18 01:30:00,366,440
2025-01-18 01:35:00,367,439
2025-01-18 01:40:00,366,439
2025-01-18 01:45:00,367,440
2025-01-18 01:50:00,367,439
2025-01-18 01:55:00,367,440
2025-01-18 02:00:00,367,439
2025-01-18 02:05:00,367,440
2025-01-18 02:10:00,367,440
2025-01-18 02:15:00,367,440
2025-01-18 02:20:00,367,441
2025-01-18 02:25:00,367,440
2025-01-18 02:30:00,367,440
2025-01-18 02:35:00,366,438
2025-01-18 02:40:00,367,439
2025-01-18 02:45:00,367,439
2025-01-18 02:50:00,368,440
2025-01-18 02:55:00,367,439
2025-01-18 03:00:00,367,438
2025-01-18 03:05:00,367,439
2025-01-18 03:10:00,367,438
2025-01-18 03:15:00,367,438
2025-01-18 03:20:00,367,439
2025-01-18 03:25:00,367,439
2025-01-18 03:30:00,367,439
2025-01-18 03:35:00,367,439
2025-01-18 03:40:00,368,439
2025-01-18 03:45:00,367,439
2025-01-18 03:50:00,367,438
2025-01-18 03:55:00,368,438
2025-01-18 04:00:00,367,438
2025-01-18 04:05:00,367,440
2025-01-18 04:10:00,367,439
2025-01-18 04:15:00,367,439
2025-01-18 04:20:00,368,439
2025-01-18 04:25:00,367,438
2025-01-18 04:30:00,368,438
2025-01-18 04:35:00,367,438
2025-01-18 04:40:00,368,439
2025-01-18 04:45:00,368,438
2025-01-18 04:50:00,368,438
2025-01-18 04:55:00,368,438
2025-01-18 05:00:00,368,439
2025-01-18 05:05:00,368,439
2025-01-18 05:10:00,368,438
2025-01-18 05:15:00,368,438
2025-01-18 05:20:00,368,438
2025-01-18 05:25:00,368,438
2025-01-18 05:30:00,368,439
2025-01-18 05:35:00,368,438
2025-01-18 05:40:00,368,438
2025-01-18 05:45:00,367,437
2025-01-18 05:50:00,367,439
2025-01-18 05:55:00,368,438
2025-01-18 06:00:00,367,437
2025-01-18 06:05:00,367,438
2025-01-18 06:10:00,367,439
2025-01-18 06:15:00,366,438
2025-01-18 06:20:00,367,438
2025-01-18 06:25:00,366,438
2025-01-18 06:30:00,367,438
2025-01-18 06:35:00,367,438
2025-01-18 06:40:00,367,438
2025-01-18 06:45:00,367,438
2025-01-18 06:50:00,366,438
2025-01-18 06:55:00,366,438
2025-01-18 07:00:00,366,439
2025-01-18 07:05:00,366,439
2025-01-18 07:10:00,366,439
2025-01-18 07:15:00,366,439
2025-01-18 07:20:00,367,440
2025-01-18 07:25:00,366,439
2025-01-18 07:30:00,366,440
2025-01-18 07:35:00,366,440
2025-01-18 07:40:00,366,439
2025-01-18 07:45:00,366,439
2025-01-18 07:50:00,367,440
2025-01-18 07:55:00,366,439
2025-01-18 08:00:00,367,439
2025-01-18 08:05:00,366,440
2025-01-18 08:10:00,366,439
2025-01-18 08:15:00,366,439
2025-01-18 08:20:00,366,439
2025-01-18 08:25:00,366,439
2025-01-18 08:30:00,367,439
2025-01-18 08:35:00,367,440
2025-01-18 08:40:00,367,439
2025-01-18 08:45:00,366,439
2025-01-18 08:50:00,366,439
2025-01-18 08:55:00,366,439
2025-01-18 09:00:00,366,439
2025-01-18 09:05:00,366,439
2025-01-18 09:10:00,366,439
2025-01-18 09:15:00,367,439
2025-01-18 09:20:00,366,439
2025-01-18 09:25:00,366,439
2025-01-18 09:30:00,366,439
2025-01-18 09:35:00,367,439
2025-01-18 09:40:00,367,439
2025-01-18 09:45:00,367,439
2025-01-18 09:50:00,366,438
2025-01-18 09:55:00,367,439
2025-01-18 10:00:00,366,439
2025-01-18 10:05:00,366,439
2025-01-18 10:10:00,366,439
2025-01-18 10:15:00,367,439
2025-01-18 10:20:00,367,439
2025-01-18 10:25:00,367,439
2025-01-18 10:30:00,366,439
2025-01-18 10:35:00,366,439
2025-01-18 10:40:00,366,439
2025-01-18 10:45:00,366,439
2025-01-18 10:50:00,366,439
2025-01-18 10:55:00,367,439
2025-01-18 11:00:00,366,439
2025-01-18 11:05:00,367,439
2025-01-18 11:10:00,366,439
2025-01-18 11:15:00,366,439
2025-01-18 11:20:00,367,439
2025-01-18 11:25:00,366,439
2025-01-18 11:30:00,366,439
2025-01-18 11:35:00,366,439
2025-01-18 11:40:00,367,439
2025-01-18 11:45:00,367,439
2025-01-18 11:50:00,367,440
2025-01-18 11:55:00,367,439
2025-01-18 12:00:00,367,439
2025-01-18 12:05:00,366,439
2025-01-18 12:10:00,366,439
2025-01-18 12:15:00,367,439
2025-01-18 12:20:00,367,439
2025-01-18 12:25:00,367,439
2025-01-18 12:30:00,367,439
2025-01-18 12:35:00,367,439
2025-01-18 12:40:00,367,439
2025-01-18 12:45:00,367,439
2025-01-18 12:50:00,367,439
2025-01-18 12:55:00,366,439
2025-01-18 13:00:00,367,439
2025-01-18 13:05:00,367,439
2025-01-18 13:10:00,367,439
2025-01-18 13:15:00,367,439
2025-01-18 13:20:00,367,439
2025-01-18 13:25:00,367,439
2025-01-18 13:30:00,367,439
2025-01-18 13:35:00,367,439
2025-01-18 13:40:00,367,439
2025-01-18 13:45:00,367,439
2025-01-18 13:50:00,367,439
2025-01-18 13:55:00,367,439
2025-01-18 14:00:00,367,439
2025-01-18 14:05:00,366,439
2025-01-18 14:10:00,366,439
2025-01-18 14:15:00,367,439
2025-01-18 14:20:00,366,439
2025-01-18 14:25:00,367,439
2025-01-18 14:30:00,367,439
2025-01-18 14:35:00,367,439
2025-01-18 14:40:00,367,439
2025-01-18 14:45:00,367,439
2025-01-18 14:50:00,367,439
2025-01-18 14:55:00,367,439
2025-01-18 15:00:00,367,439
2025-01-18 15:05:00,367,438
2025-01-18 15:10:00,367,439
2025-01-18 15:15:00,367,439
2025-01-18 15:20:00,367,439
2025-01-18 15:25:00,367,439
2025-01-18 15:30:00,367,439
2025-01-18 15:35:00,367,439
2025-01-18 15:40:00,367,439
2025-01-18 15:45:00,367,439
2025-01-18 15:50:00,367,439
2025-01-18 15:55:00,367,439
2025-01-18 16:00:00,368,439
2025-01-18 16:05:00,367,439
2025-01-18 16:10:00,367,439
2025-01-18 16:15:00,367,440
2025-01-18 16:20:00,367,438
2025-01-18 16:25:00,367,439
2025-01-18 16:30:00,367,439
2025-01-18 16:35:00,368,439
2025-01-18 16:40:00,368,439
2025-01-18 16:45:00,367,439
2025-01-18 16:50:00,367,439
2025-01-18 16:55:00,368,439
2025-01-18 17:00:00,367,439
2025-01-18 17:05:00,368,439
2025-01-18 17:10:00,367,439
2025-01-18 17:15:00,367,439
2025-01-18 17:20:00,368,439
2025-01-18 17:25:00,368,439
2025-01-18 17:30:00,367,439
2025-01-18 17:35:00,367,439
2025-01-18 17:40:00,368,439
2025-01-18 17:45:00,368,439
2025-01-18 17:50:00,368,439
2025-01-18 17:55:00,368,439
2025-01-18 18:00:00,368,439
2025-01-18 18:05:00,368,438
2025-01-18 18:10:00,368,439
2025-01-18 18:15:00,368,439
2025-01-18 18:20:00,368,439
2025-01-18 18:25:00,368,439
2025-01-18 18:30:00,368,439
2025-01-18 18:35:00,369,439
2025-01-18 18:40:00,368,439
2025-01-18 18:45:00,368,439
2025-01-18 18:50:00,368,439
2025-01-18 18:55:00,368,438
2025-01-18 19:00:00,368,439
2025-01-18 19:05:00,368,439
2025-01-18 19:10:00,369,439
2025-01-18 19:15:00,368,439
2025-01-18 19:20:00,368,439
2025-01-18 19:25:00,369,439
2025-01-18 19:30:00,369,439
2025-01-18 19:35:00,369,438
2025-01-18 19:40:00,369,438
2025-01-18 19:45:00,369,438
2025-01-18 19:50:00,368,439
2025-01-18 19:55:00,369,439
2025-01-18 20:00:00,369,439
2025-01-18 20:05:00,370,439
2025-01-18 20:10:00,369,439
2025-01-18 20:15:00,369,439
2025-01-18 20:20:00,369,438
2025-01-18 20:25:00,369,439
2025-01-18 20:30:00,368,438
2025-01-18 20:35:00,368,438
2025-01-18 20:40:00,370,439
2025-01-18 20:45:00,369,438
2025-01-18 20:50:00,369,438
2025-01-18 20:55:00,369,439
2025-01-18 21:00:00,368,438
2025-01-18 21:05:00,368,438
2025-01-18 21:10:00,369,438
2025-01-18 21:15:00,369,438
2025-01-18 21:20:00,368,438
2025-01-18 21:25:00,374,438
2025-01-18 21:30:00,369,438
2025-01-18 21:35:00,369,437
2025-01-18 21:40:00,369,438
2025-01-18 21:45:00,368,437
2025-01-18 21:50:00,369,437
2025-01-18 21:55:00,372,438
2025-01-18 22:00:00,369,437
2025-01-18 22:05:00,368,438
2025-01-18 22:10:00,369,437
2025-01-18 22:15:00,368,437
2025-01-18 22:20:00,368,438
2025-01-18 22:25:00,367,437
2025-01-18 22:30:00,368,439
2025-01-18 22:35:00,367,438
2025-01-18 22:40:00,367,437
2025-01-18 22:45:00,367,437
2025-01-18 22:50:00,367,438
2025-01-18 22:55:00,367,438
2025-01-18 23:00:00,367,438
2025-01-18 23:05:00,367,437
2025-01-18 23:10:00,367,438
2025-01-18 23:15:00,367,438
2025-01-18 23:20:00,367,439
2025-01-18 23:25:00,367,438
2025-01-18 23:30:00,367,438
2025-01-18 23:35:00,365,437
2025-01-18 23:40:00,365,438
2025-01-18 23:45:00,365,438
2025-01-18 23:50:00,365,438
2025-01-18 23:55:00,365,437
2025-01-19 00:00:00,365,437
2025-01-19 00:05:00,365,437
2025-01-19 00:10:00,365,438
2025-01-19 00:15:00,365,437
2025-01-19 00:20:00,365,437
2025-01-19 00:25:00,365,437
2025-01-19 00:30:00,365,437
2025-01-19 00:35:00,365,437
2025-01-19 00:40:00,365,437
2025-01-19 00:45:00,365,437
2025-01-19 00:50:00,365,437
2025-01-19 00:55:00,366,438
2025-01-19 01:05:00,365,437
2025-01-19 01:10:00,365,437
2025-01-19 01:15:00,365,437
2025-01-19 01:20:00,366,438
2025-01-19 01:25:00,365,436
2025-01-19 01:30:00,366,437
2025-01-19 01:35:00,366,437
2025-01-19 01:40:00,366,437
2025-01-19 01:45:00,366,436
2025-01-19 01:50:00,366,437
2025-01-19 01:55:00,366,436
2025-01-19 02:00:00,366,437
2025-01-19 02:00:00,366,437
2025-01-19 02:05:00,366,437
2025-01-19 02:10:00,366,437
2025-01-19 02:15:00,366,437
2025-01-19 02:20:00,366,437
2025-01-19 02:25:00,367,436
2025-01-19 02:30:00,367,436
2025-01-19 02:35:00,368,437
2025-01-19 02:40:00,368,437
2025-01-19 02:45:00,371,437
2025-01-19 02:50:00,373,437
2025-01-19 02:55:00,371,437
2025-01-19 03:00:00,371,437
2025-01-19 03:05:00,371,437
2025-01-19 03:10:00,370,436
2025-01-19 03:15:00,369,437
2025-01-19 03:20:00,369,437
2025-01-19 03:25:00,368,437
2025-01-19 03:30:00,367,436
2025-01-19 03:35:00,368,437
2025-01-19 03:40:00,368,437
2025-01-19 03:45:00,369,436
2025-01-19 03:50:00,368,436
2025-01-19 03:55:00,367,436
2025-01-19 04:00:00,368,436
2025-01-19 04:05:00,368,437
2025-01-19 04:10:00,367,437
2025-01-19 04:15:00,367,437
2025-01-19 04:20:00,367,437
2025-01-19 04:25:00,367,436
2025-01-19 04:30:00,367,436
2025-01-19 04:35:00,367,436
2025-01-19 04:40:00,367,437
2025-01-19 04:45:00,367,436
2025-01-19 04:50:00,367,437
2025-01-19 04:55:00,367,437
2025-01-19 05:00:00,366,436
2025-01-19 05:05:00,366,436
2025-01-19 05:10:00,366,436
2025-01-19 05:15:00,366,436
2025-01-19 05:20:00,366,436
2025-01-19 05:25:00,367,436
2025-01-19 05:30:00,366,437
2025-01-19 05:35:00,366,436
2025-01-19 05:40:00,366,436
2025-01-19 05:45:00,366,436
2025-01-19 05:50:00,366,436
2025-01-19 05:55:00,366,436
2025-01-19 06:00:00,365,435
2025-01-19 06:05:00,365,435
2025-01-19 06:10:00,366,436
2025-01-19 06:15:00,366,437
2025-01-19 06:20:00,365,436
2025-01-19 06:25:00,365,436
2025-01-19 06:30:00,365,436
2025-01-19 06:35:00,365,437
2025-01-19 06:40:00,365,437
2025-01-19 06:45:00,364,436
2025-01-19 06:50:00,364,437
2025-01-19 06:55:00,364,437
2025-01-19 07:00:00,364,436
2025-01-19 07:05:00,364,436
2025-01-19 07:10:00,364,436
2025-01-19 07:15:00,364,437
2025-01-19 07:20:00,364,436
2025-01-19 07:25:00,365,437
2025-01-19 07:30:00,364,436
2025-01-19 07:35:00,364,436
2025-01-19 07:40:00,365,437
2025-01-19 07:45:00,364,437
2025-01-19 07:50:00,364,437
2025-01-19 07:55:00,364,436
2025-01-19 08:00:00,364,436
2025-01-19 08:05:00,364,436
2025-01-19 08:10:00,364,436
2025-01-19 08:15:00,364,436
2025-01-19 08:20:00,364,436
2025-01-19 08:25:00,364,437
2025-01-19 08:30:00,364,436
2025-01-19 08:35:00,364,436
2025-01-19 08:40:00,364,436
2025-01-19 08:45:00,364,437
2025-01-19 08:50:00,364,437
2025-01-19 08:55:00,364,437
2025-01-19 09:00:00,364,436
2025-01-19 09:05:00,364,437
2025-01-19 09:10:00,365,438
2025-01-19 09:15:00,364,437
2025-01-19 09:20:00,365,437
2025-01-19 09:25:00,365,437
2025-01-19 09:30:00,364,436
2025-01-19 09:35:00,365,437
2025-01-19 09:40:00,364,437
2025-01-19 09:45:00,365,437
2025-01-19 09:50:00,365,437
2025-01-19 09:55:00,365,437
2025-01-19 10:00:00,364,436
2025-01-19 10:05:00,365,437
2025-01-19 10:10:00,365,437
2025-01-19 10:15:00,365,437
2025-01-19 10:20:00,365,437
2025-01-19 10:25:00,365,436
2025-01-19 10:30:00,365,436
2025-01-19 10:35:00,365,437
2025-01-19 10:40:00,365,436
2025-01-19 10:45:00,365,437
2025-01-19 10:50:00,365,437
2025-01-19 10:55:00,365,437
2025-01-19 11:00:00,365,436
2025-01-19 11:05:00,365,437
2025-01-19 11:10:00,365,436
2025-01-19 11:15:00,365,436
2025-01-19 11:20:00,365,437
2025-01-19 11:25:00,365,436
2025-01-19 11:30:00,366,437
2025-01-19 11:35:00,366,436
2025-01-19 11:40:00,365,436
2025-01-19 11:45:00,365,436
2025-01-19 11:50:00,366,436
2025-01-19 11:55:00,366,436
2025-01-19 12:00:00,366,437
2025-01-19 12:05:00,366,437
2025-01-19 12:10:00,366,437
2025-01-19 12:15:00,366,437
2025-01-19 12:20:00,366,437
2025-01-19 12:25:00,366,436
2025-01-19 12:30:00,366,436
2025-01-19 12:35:00,366,436
2025-01-19 12:40:00,367,436
2025-01-19 12:45:00,366,436
2025-01-19 12:50:00,367,437
2025-01-19 12:55:00,367,436
2025-01-19 13:00:00,367,436
2025-01-19 13:05:00,366,437
2025-01-19 13:10:00,367,436
2025-01-19 13:15:00,367,437
2025-01-19 13:20:00,367,437
2025-01-19 13:25:00,367,436
2025-01-19 13:30:00,367,436
2025-01-19 13:35:00,367,436
2025-01-19 13:40:00,367,436
2025-01-19 13:45:00,367,436
2025-01-19 13:50:00,367,436
2025-01-19 13:55:00,367,436
2025-01-19 14:00:00,367,436
2025-01-19 14:05:00,367,436
2025-01-19 14:10:00,367,437
2025-01-19 14:15:00,367,436
2025-01-19 14:20:00,367,436
2025-01-19 14:25:00,367,437
2025-01-19 14:30:00,367,437
2025-01-19 14:35:00,367,436
2025-01-19 14:40:00,367,436
2025-01-19 14:45:00,367,436
2025-01-19 14:50:00,367,436
2025-01-19 14:55:00,367,436
2025-01-19 15:00:00,367,435
2025-01-19 15:05:00,367,436
2025-01-19 15:10:00,367,436
2025-01-19 15:15:00,367,436
2025-01-19 15:20:00,367,435
2025-01-19 15:25:00,367,437
2025-01-19 15:30:00,367,436
2025-01-19 15:35:00,367,436
2025-01-19 15:40:00,367,437
2025-01-19 15:45:00,367,436
2025-01-19 15:50:00,367,436
2025-01-19 15:55:00,367,436
2025-01-19 16:00:00,367,436
2025-01-19 16:05:00,367,436
2025-01-19 16:10:00,367,436
2025-01-19 16:15:00,368,437
2025-01-19 16:20:00,367,436
2025-01-19 16:25:00,367,436
2025-01-19 16:30:00,367,436
2025-01-19 16:35:00,368,436
2025-01-19 16:40:00,367,436
2025-01-19 16:45:00,367,436
2025-01-19 16:50:00,367,436
2025-01-19 16:55:00,368,436
2025-01-19 17:00:00,367,436
2025-01-19 17:05:00,367,436
2025-01-19 17:10:00,368,436
2025-01-19 17:15:00,367,436
2025-01-19 17:20:00,367,437
2025-01-19 17:25:00,368,436
2025-01-19 17:30:00,367,436
2025-01-19 17:35:00,367,436
2025-01-19 17:40:00,368,436
2025-01-19 17:45:00,368,437
2025-01-19 17:50:00,368,437
2025-01-19 17:55:00,368,436
2025-01-19 18:00:00,368,436
2025-01-19 18:05:00,368,436
2025-01-19 18:10:00,368,436
2025-01-19 18:15:00,368,436
2025-01-19 18:20:00,368,436
2025-01-19 18:25:00,368,436
2025-01-19 18:30:00,368,436
2025-01-19 18:35:00,368,436
2025-01-19 18:40:00,368,436
2025-01-19 18:45:00,368,436
2025-01-19 18:50:00,368,436
2025-01-19 18:55:00,368,436
2025-01-19 19:00:00,368,436
2025-01-19 19:05:00,368,436
2025-01-19 19:10:00,368,436
2025-01-19 19:15:00,368,436
2025-01-19 19:20:00,368,436
2025-01-19 19:25:00,368,436
2025-01-19 19:30:00,368,436
2025-01-19 19:35:00,368,436
2025-01-19 19:40:00,368,436
2025-01-19 19:45:00,368,435
2025-01-19 19:50:00,368,436
2025-01-19 19:55:00,368,436
2025-01-19 20:00:00,368,436
2025-01-19 20:05:00,368,435
2025-01-19 20:10:00,368,435
2025-01-19 20:15:00,368,436
2025-01-19 20:20:00,368,436
2025-01-19 20:25:00,367,436
2025-01-19 20:30:00,368,435
2025-01-19 20:35:00,368,436
2025-01-19 20:40:00,368,435
2025-01-19 20:45:00,368,436
2025-01-19 20:50:00,368,436
2025-01-19 20:55:00,368,436
2025-01-19 21:00:00,368,436
2025-01-19 21:05:00,368,435
2025-01-19 21:10:00,367,435
2025-01-19 21:15:00,368,436
2025-01-19 21:20:00,368,436
2025-01-19 21:25:00,368,435
2025-01-19 21:30:00,368,435
2025-01-19 21:35:00,367,435
2025-01-19 21:40:00,368,435
2025-01-19 21:45:00,368,435
2025-01-19 21:50:00,368,436
2025-01-19 21:55:00,367,435
2025-01-19 22:00:00,367,435
2025-01-19 22:05:00,367,435
2025-01-19 22:10:00,367,435
2025-01-19 22:15:00,367,435
2025-01-19 22:20:00,367,435
2025-01-19 22:25:00,367,435
2025-01-19 22:30:00,367,435
2025-01-19 22:35:00,367,435
2025-01-19 22:40:00,367,436
2025-01-19 22:45:00,367,435
2025-01-19 22:50:00,367,435
2025-01-19 22:55:00,367,436
2025-01-19 23:00:00,367,435
2025-01-19 23:05:00,367,435
2025-01-19 23:10:00,367,435
2025-01-19 23:15:00,366,435
2025-01-19 23:20:00,366,435
2025-01-19 23:25:00,367,435
2025-01-19 23:30:00,367,435
2025-01-19 23:35:00,366,435
2025-01-19 23:40:00,367,435
2025-01-19 23:45:00,367,435
2025-01-19 23:50:00,367,435
2025-01-19 23:55:00,367,435
2025-01-20 00:00:00,367,435
2025-01-20 00:05:00,367,435
2025-01-20 00:10:00,367,435
2025-01-20 00:15:00,367,435
2025-01-20 00:20:00,367,435
2025-01-20 00:25:00,367,435
2025-01-20 00:30:00,367,435
2025-01-20 00:35:00,367,435
2025-01-20 00:40:00,367,435
2025-01-20 00:45:00,367,435
2025-01-20 00:50:00,367,435
2025-01-20 00:55:00,367,435
2025-01-20 01:00:00,368,434
2025-01-20 01:05:00,367,435
2025-01-20 01:10:00,368,435
2025-01-20 01:15:00,368,435
2025-01-20 01:20:00,367,435
2025-01-20 01:25:00,367,435
2025-01-20 01:30:00,367,434
2025-01-20 01:35:00,367,434
2025-01-20 01:40:00,368,434
2025-01-20 01:45:00,367,434
2025-01-20 01:50:00,367,434
2025-01-20 01:55:00,368,434
2025-01-20 02:00:00,368,434
2025-01-20 02:05:00,368,434
2025-01-20 02:10:00,368,434
2025-01-20 02:15:00,368,434
2025-01-20 02:20:00,367,434
2025-01-20 02:25:00,367,434
2025-01-20 02:30:00,368,434
2025-01-20 02:35:00,367,434
2025-01-20 02:40:00,368,434
2025-01-20 02:45:00,367,434
2025-01-20 02:50:00,367,434
2025-01-20 02:55:00,367,434
2025-01-20 03:00:00,368,434
2025-01-20 03:05:00,367,434
2025-01-20 03:10:00,367,433
2025-01-20 03:15:00,367,433
2025-01-20 03:20:00,368,434
2025-01-20 03:25:00,367,434
2025-01-20 03:30:00,367,433
2025-01-20 03:35:00,367,433
2025-01-20 03:40:00,367,433
2025-01-20 03:45:00,367,433
2025-01-20 03:50:00,367,433
2025-01-20 03:55:00,367,433
2025-01-20 04:00:00,367,433
2025-01-20 04:05:00,367,433
2025-01-20 04:10:00,367,434
2025-01-20 04:15:00,367,433
2025-01-20 04:20:00,367,433
2025-01-20 04:25:00,367,433
2025-01-20 04:30:00,367,433
2025-01-20 04:35:00,367,433
2025-01-20 04:40:00,367,433
2025-01-20 04:45:00,367,433
2025-01-20 04:50:00,367,433
2025-01-20 04:55:00,367,433
2025-01-20 05:00:00,367,433
2025-01-20 05:05:00,366,432
2025-01-20 05:10:00,366,432
2025-01-20 05:15:00,367,432
2025-01-20 05:20:00,366,432
2025-01-20 05:25:00,366,432
2025-01-20 05:30:00,366,433
2025-01-20 05:35:00,366,432
2025-01-20 05:40:00,366,433
2025-01-20 05:45:00,366,432
2025-01-20 05:50:00,366,432
2025-01-20 05:55:00,366,432
2025-01-20 06:00:00,366,432
2025-01-20 06:05:00,366,432
2025-01-20 06:10:00,366,432
2025-01-20 06:15:00,366,432
2025-01-20 06:20:00,365,431
2025-01-20 06:25:00,366,432
2025-01-20 06:30:00,366,433
2025-01-20 06:35:00,366,432
2025-01-20 06:40:00,366,432
2025-01-20 06:45:00,366,431
2025-01-20 06:50:00,366,431
2025-01-20 06:55:00,366,431
2025-01-20 07:00:00,366,431
2025-01-20 07:05:00,366,431
2025-01-20 07:10:00,366,431
2025-01-20 07:15:00,366,431
2025-01-20 07:20:00,366,431
2025-01-20 07:25:00,366,432
2025-01-20 07:30:00,366,431
2025-01-20 07:35:00,366,431
2025-01-20 07:40:00,366,431
2025-01-20 07:45:00,366,431
2025-01-20 07:50:00,366,431
2025-01-20 07:55:00,366,431
2025-01-20 08:00:00,366,431
2025-01-20 08:05:00,366,431
2025-01-20 08:10:00,366,431
2025-01-20 08:15:00,366,431
2025-01-20 08:20:00,366,430
2025-01-20 08:25:00,366,431
2025-01-20 08:30:00,366,431
2025-01-20 08:35:00,366,431
2025-01-20 08:40:00,366,430
2025-01-20 08:45:00,366,430
2025-01-20 08:50:00,366,431
2025-01-20 08:55:00,366,430
2025-01-20 09:00:00,366,431
2025-01-20 09:05:00,366,430
2025-01-20 09:10:00,366,430
2025-01-20 09:15:00,366,430
2025-01-20 09:20:00,365,430
2025-01-20 09:25:00,365,430
2025-01-20 09:30:00,365,430
2025-01-20 09:35:00,365,430
2025-01-20 09:40:00,366,430
2025-01-20 09:45:00,365,430
2025-01-20 09:50:00,365,430
2025-01-20 09:55:00,365,429
2025-01-20 10:00:00,365,429
2025-01-20 10:05:00,365,430
2025-01-20 10:10:00,365,429
2025-01-20 10:15:00,365,429
2025-01-20 10:20:00,365,429
2025-01-20 10:25:00,365,429
2025-01-20 10:30:00,365,429
2025-01-20 10:35:00,365,429
2025-01-20 10:40:00,365,429
2025-01-20 10:45:00,365,429
2025-01-20 10:50:00,366,429
2025-01-20 10:55:00,365,429
2025-01-20 11:00:00,365,429
2025-01-20 11:05:00,365,429
2025-01-20 11:10:00,364,429
2025-01-20 11:15:00,364,429
2025-01-20 11:20:00,365,429
2025-01-20 11:25:00,365,429
2025-01-20 11:30:00,365,429
2025-01-20 11:35:00,365,429
2025-01-20 11:40:00,365,428
2025-01-20 11:45:00,365,429
2025-01-20 11:50:00,365,429
2025-01-20 11:55:00,365,429
2025-01-20 12:00:00,365,429
2025-01-20 12:05:00,365,429
2025-01-20 12:10:00,365,428
2025-01-20 12:15:00,365,429
2025-01-20 12:20:00,365,428
2025-01-20 12:25:00,365,428
2025-01-20 12:30:00,365,429
2025-01-20 12:35:00,364,429
2025-01-20 12:40:00,364,428
2025-01-20 12:45:00,364,429
2025-01-20 12:50:00,364,428
2025-01-20 12:55:00,364,428
2025-01-20 13:00:00,365,428
2025-01-20 13:05:00,364,428
2025-01-20 13:10:00,364,428
2025-01-20 13:15:00,364,429
2025-01-20 13:20:00,364,428
2025-01-20 13:25:00,364,428
2025-01-20 13:30:00,364,428
2025-01-20 13:35:00,364,428
2025-01-20 13:40:00,364,428
2025-01-20 13:45:00,364,428
2025-01-20 13:50:00,363,428
2025-01-20 13:55:00,363,428
2025-01-20 14:00:00,363,428
2025-01-20 14:05:00,363,428
2025-01-20 14:10:00,363,428
2025-01-20 14:15:00,363,428
2025-01-20 14:20:00,363,428
2025-01-20 14:25:00,363,428
2025-01-20 14:30:00,363,428
2025-01-20 14:35:00,363,427
2025-01-20 14:40:00,363,428
2025-01-20 14:45:00,363,428
2025-01-20 14:50:00,363,428
2025-01-20 14:55:00,363,427
2025-01-20 15:00:00,363,427
2025-01-20 15:05:00,363,427
2025-01-20 15:10:00,363,427
2025-01-20 15:15:00,363,427
2025-01-20 15:20:00,363,427
2025-01-20 15:25:00,363,427
2025-01-20 15:30:00,363,427
2025-01-20 15:35:00,363,427
2025-01-20 15:40:00,363,427
2025-01-20 15:45:00,363,427
2025-01-20 15:50:00,363,427
2025-01-20 15:55:00,363,427
2025-01-20 16:00:00,363,427
2025-01-20 16:05:00,364,427
2025-01-20 16:10:00,364,427
2025-01-20 16:15:00,364,426
2025-01-20 16:20:00,363,426
2025-01-20 16:25:00,363,427
2025-01-20 16:30:00,363,427
2025-01-20 16:35:00,363,427
2025-01-20 16:40:00,363,426
2025-01-20 16:45:00,363,427
2025-01-20 16:50:00,363,426
2025-01-20 16:55:00,364,427
2025-01-20 17:00:00,364,427
2025-01-20 17:05:00,364,426
2025-01-20 17:10:00,363,426
2025-01-20 17:15:00,363,426
2025-01-20 17:20:00,363,426
2025-01-20 17:25:00,363,426
2025-01-20 17:30:00,364,426
2025-01-20 17:35:00,364,426
2025-01-20 17:40:00,363,426
2025-01-20 17:45:00,362,426
2025-01-20 17:50:00,363,426
2025-01-20 17:55:00,363,426
2025-01-20 18:00:00,363,426
2025-01-20 18:05:00,363,426
2025-01-20 18:10:00,363,426
2025-01-20 18:15:00,362,426
2025-01-20 18:20:00,362,426
2025-01-20 18:25:00,363,426
2025-01-20 18:30:00,363,426
2025-01-20 18:35:00,363,426
2025-01-20 18:40:00,363,426
2025-01-20 18:45:00,362,426
2025-01-20 18:50:00,362,425
2025-01-20 18:55:00,362,425
2025-01-20 19:00:00,362,425
2025-01-20 19:05:00,362,426
2025-01-20 19:10:00,362,425
2025-01-20 19:15:00,362,425
2025-01-20 19:20:00,362,425
2025-01-20 19:25:00,362,425
2025-01-20 19:30:00,362,425
2025-01-20 19:35:00,362,425
2025-01-20 19:40:00,362,425
2025-01-20 19:45:00,362,425
2025-01-20 19:50:00,362,425
2025-01-20 19:55:00,362,425
2025-01-20 20:00:00,362,425
2025-01-20 20:05:00,362,425
2025-01-20 20:10:00,362,425
2025-01-20 20:15:00,361,425
2025-01-20 20:20:00,361,425
2025-01-20 20:25:00,362,425
2025-01-20 20:30:00,362,425
2025-01-20 20:35:00,362,425
2025-01-20 20:40:00,362,425
2025-01-20 20:45:00,362,425
2025-01-20 20:50:00,361,425
2025-01-20 20:55:00,362,425
2025-01-20 21:00:00,362,425
2025-01-20 21:05:00,361,424
2025-01-20 21:10:00,362,425
2025-01-20 21:15:00,362,425
2025-01-20 21:20:00,362,425
2025-01-20 21:25:00,362,425
2025-01-20 21:30:00,362,425
2025-01-20 21:35:00,362,425
2025-01-20 21:40:00,362,425
2025-01-20 21:45:00,362,425
2025-01-20 21:50:00,362,425
2025-01-20 21:55:00,361,424
2025-01-20 22:00:00,361,424
2025-01-20 22:00:00,361,424
2025-01-20 22:05:00,362,425
2025-01-20 22:10:00,362,424
2025-01-20 22:15:00,362,425
2025-01-20 22:20:00,361,424
2025-01-20 22:25:00,362,424
2025-01-20 22:30:00,362,424
2025-01-20 22:35:00,362,425
2025-01-20 22:40:00,362,425
2025-01-20 22:45:00,361,424
2025-01-20 22:50:00,362,425
2025-01-20 22:55:00,362,424
2025-01-20 23:00:00,362,424
2025-01-20 23:05:00,362,424
2025-01-20 23:10:00,362,424
2025-01-20 23:15:00,362,424
2025-01-20 23:20:00,362,424
2025-01-20 23:25:00,362,425
2025-01-20 23:30:00,362,424
2025-01-20 23:35:00,362,424
2025-01-20 23:40:00,362,424
2025-01-20 23:45:00,362,424
2025-01-20 23:50:00,362,424
2025-01-20 23:55:00,362,424
2025-01-21 00:00:00,362,424
2025-01-21 00:05:00,362,424
2025-01-21 00:10:00,362,424
2025-01-21 00:15:00,362,424
2025-01-21 00:20:00,362,424
2025-01-21 00:25:00,362,424
2025-01-21 00:30:00,362,424
2025-01-21 00:35:00,362,424
2025-01-21 00:40:00,362,424
2025-01-21 00:45:00,362,424
2025-01-21 00:50:00,362,424
2025-01-21 00:55:00,361,424
2025-01-21 01:00:00,362,424
2025-01-21 01:05:00,362,424
2025-01-21 01:10:00,362,424
2025-01-21 01:15:00,362,424
2025-01-21 01:20:00,362,424
2025-01-21 01:25:00,362,423
2025-01-21 01:30:00,362,424
2025-01-21 01:35:00,362,424
2025-01-21 01:40:00,362,424
2025-01-21 01:45:00,362,424
2025-01-21 01:50:00,362,423
2025-01-21 01:55:00,362,424
2025-01-21 02:00:00,362,424
2025-01-21 02:05:00,363,424
2025-01-21 02:10:00,362,424
2025-01-21 02:15:00,362,424
2025-01-21 02:20:00,362,423
2025-01-21 02:25:00,362,424
2025-01-21 02:30:00,362,423
2025-01-21 02:35:00,362,424
2025-01-21 02:40:00,362,423
2025-01-21 02:45:00,362,423
2025-01-21 02:50:00,362,423
2025-01-21 02:55:00,362,423
2025-01-21 03:00:00,363,423
2025-01-21 03:05:00,363,423
2025-01-21 03:10:00,363,423
2025-01-21 03:15:00,363,424
2025-01-21 03:20:00,363,423
2025-01-21 03:25:00,363,423
2025-01-21 03:30:00,363,424
2025-01-21 03:35:00,363,424
2025-01-21 03:40:00,362,423
2025-01-21 03:45:00,362,424
2025-01-21 03:50:00,362,423
2025-01-21 03:55:00,362,423
2025-01-21 04:00:00,362,423
2025-01-21 04:05:00,363,423
2025-01-21 04:10:00,363,423
2025-01-21 04:15:00,362,423
2025-01-21 04:20:00,363,424
2025-01-21 04:25:00,362,423
2025-01-21 04:30:00,363,423
2025-01-21 04:35:00,363,423
2025-01-21 04:40:00,363,424
2025-01-21 04:45:00,362,423
2025-01-21 04:50:00,363,423
2025-01-21 04:55:00,363,423
2025-01-21 05:00:00,363,423
2025-01-21 05:05:00,363,424
2025-01-21 05:10:00,363,424
2025-01-21 05:15:00,363,424
2025-01-21 05:20:00,363,423
2025-01-21 05:25:00,363,423
2025-01-21 05:30:00,364,424
2025-01-21 05:35:00,363,423
2025-01-21 05:40:00,364,424
2025-01-21 05:45:00,363,424
2025-01-21 05:50:00,363,424
2025-01-21 05:55:00,363,424
2025-01-21 06:00:00,363,424
2025-01-21 06:05:00,363,424
2025-01-21 06:10:00,363,424
2025-01-21 06:15:00,363,425
2025-01-21 06:20:00,363,424
2025-01-21 06:25:00,363,424
2025-01-21 06:30:00,364,425
2025-01-21 06:35:00,363,424
2025-01-21 06:40:00,363,424
2025-01-21 06:45:00,364,425
2025-01-21 06:50:00,363,425
2025-01-21 06:55:00,363,425
2025-01-21 07:00:00,363,425
2025-01-21 07:05:00,363,425
2025-01-21 07:10:00,363,425
2025-01-21 07:15:00,363,425
2025-01-21 07:20:00,363,425
2025-01-21 07:25:00,364,425
2025-01-21 07:30:00,363,425
2025-01-21 07:35:00,364,425
2025-01-21 07:40:00,364,425
2025-01-21 07:45:00,364,425
2025-01-21 07:50:00,364,426
2025-01-21 07:55:00,364,425
2025-01-21 08:00:00,364,426
2025-01-21 08:05:00,364,426
2025-01-21 08:10:00,364,425
2025-01-21 08:15:00,364,426
2025-01-21 08:20:00,364,426
2025-01-21 08:25:00,364,426
2025-01-21 08:30:00,365,426
2025-01-21 08:35:00,364,426
2025-01-21 08:40:00,365,426
2025-01-21 08:45:00,365,426
2025-01-21 08:50:00,365,426
2025-01-21 08:55:00,364,426
2025-01-21 09:00:00,365,426
2025-01-21 09:05:00,365,426
2025-01-21 09:10:00,365,426
2025-01-21 09:15:00,365,427
2025-01-21 09:20:00,365,427
2025-01-21 09:25:00,366,427
2025-01-21 09:30:00,366,427
2025-01-21 09:35:00,366,427
2025-01-21 09:40:00,366,427
2025-01-21 09:45:00,365,427
2025-01-21 09:50:00,366,428
2025-01-21 09:55:00,366,428
2025-01-21 10:00:00,366,428
2025-01-21 10:05:00,365,428
2025-01-21 10:10:00,365,428
2025-01-21 10:15:00,365,428
2025-01-21 10:20:00,366,429
2025-01-21 10:25:00,365,428
2025-01-21 10:30:00,366,429
2025-01-21 10:35:00,366,428
2025-01-21 10:40:00,366,428
2025-01-21 10:45:00,366,429
2025-01-21 10:50:00,365,429
2025-01-21 10:55:00,366,428
2025-01-21 11:00:00,366,429
2025-01-21 11:05:00,366,428
2025-01-21 11:10:00,365,429
2025-01-21 11:15:00,366,429
2025-01-21 11:20:00,366,429
2025-01-21 11:25:00,366,429
2025-01-21 11:30:00,366,429
2025-01-21 11:35:00,366,429
2025-01-21 11:40:00,365,429
2025-01-21 11:45:00,364,429
2025-01-21 11:50:00,364,429
2025-01-21 11:55:00,364,429
2025-01-21 12:00:00,364,429
2025-01-21 12:05:00,364,429
2025-01-21 12:10:00,364,429
2025-01-21 12:15:00,364,429
2025-01-21 12:20:00,364,429
2025-01-21 12:25:00,364,429
2025-01-21 12:30:00,365,429
2025-01-21 12:35:00,364,428
2025-01-21 12:40:00,364,428
2025-01-21 12:45:00,364,428
2025-01-21 12:50:00,364,428
2025-01-21 12:55:00,364,428
2025-01-21 13:00:00,364,428
2025-01-21 13:05:00,364,428
2025-01-21 13:10:00,364,428
2025-01-21 13:15:00,363,428
2025-01-21 13:20:00,363,428
2025-01-21 13:25:00,364,428
2025-01-21 13:30:00,364,428
2025-01-21 13:35:00,363,427
2025-01-21 13:40:00,363,426
2025-01-21 13:45:00,363,426
2025-01-21 13:50:00,363,427
2025-01-21 13:55:00,363,427
2025-01-21 14:00:00,362,426
2025-01-21 14:05:00,362,426
2025-01-21 14:10:00,363,426
2025-01-21 14:15:00,363,426
2025-01-21 14:20:00,363,426
2025-01-21 14:25:00,363,427
2025-01-21 14:30:00,362,426
2025-01-21 14:35:00,363,426
2025-01-21 14:40:00,362,426
2025-01-21 14:45:00,363,426
2025-01-21 14:50:00,363,426
2025-01-21 14:55:00,363,426
2025-01-21 15:00:00,363,426
2025-01-21 15:05:00,363,426
2025-01-21 15:10:00,363,426
2025-01-21 15:15:00,362,426
2025-01-21 15:20:00,363,426
2025-01-21 15:25:00,362,426
2025-01-21 15:30:00,362,426
2025-01-21 15:35:00,362,426
2025-01-21 15:40:00,362,426
2025-01-21 15:45:00,363,426
2025-01-21 15:50:00,363,426
2025-01-21 15:55:00,363,426
2025-01-21 16:00:00,363,426
2025-01-21 16:05:00,363,426
2025-01-21 16:10:00,363,426
2025-01-21 16:15:00,363,426
2025-01-21 16:20:00,362,426
2025-01-21 16:25:00,362,426
2025-01-21 16:30:00,362,426
2025-01-21 16:35:00,362,426
2025-01-21 16:40:00,362,426
2025-01-21 16:45:00,362,426
2025-01-21 16:50:00,362,426
2025-01-21 16:55:00,362,426
2025-01-21 17:00:00,362,426
2025-01-21 17:05:00,362,425
2025-01-21 17:10:00,362,425
2025-01-21 17:15:00,362,425
2025-01-21 17:20:00,362,425
2025-01-21 17:25:00,362,425
2025-01-21 17:30:00,361,425
2025-01-21 17:35:00,362,425
2025-01-21 17:40:00,362,425
2025-01-21 17:45:00,362,425
2025-01-21 17:50:00,362,425
2025-01-21 17:55:00,362,425
2025-01-21 18:00:00,362,425
2025-01-21 18:00:00,362,425
2025-01-21 18:05:00,362,425
2025-01-21 18:10:00,362,425
2025-01-21 18:15:00,362,425
2025-01-21 18:20:00,361,425
2025-01-21 18:25:00,361,425
2025-01-21 18:30:00,360,425
2025-01-21 18:35:00,361,425
2025-01-21 18:40:00,360,425
2025-01-21 18:45:00,360,425
2025-01-21 18:50:00,360,425
2025-01-21 18:55:00,360,423
2025-01-21 19:00:00,359,425
2025-01-21 19:05:00,358,425
2025-01-21 19:10:00,359,425
2025-01-21 19:15:00,359,425
2025-01-21 19:20:00,359,425
2025-01-21 19:25:00,358,425
2025-01-21 19:30:00,359,425
2025-01-21 19:35:00,358,425
2025-01-21 19:40:00,358,425
2025-01-21 19:45:00,358,425
2025-01-21 19:50:00,359,425
2025-01-21 19:55:00,358,425
2025-01-21 20:00:00,359,425
2025-01-21 20:05:00,358,425
2025-01-21 20:10:00,358,425
2025-01-21 20:15:00,358,425
2025-01-21 20:20:00,358,425
2025-01-21 20:25:00,358,425
2025-01-21 20:30:00,360,425
2025-01-21 20:35:00,360,425
2025-01-21 20:40:00,361,425
2025-01-21 20:45:00,360,425
2025-01-21 20:50:00,360,424
2025-01-21 20:55:00,361,425
2025-01-21 21:00:00,360,425
2025-01-21 21:05:00,361,425
2025-01-21 21:10:00,360,424
2025-01-21 21:15:00,360,424
2025-01-21 21:20:00,361,424
2025-01-21 21:25:00,360,424
2025-01-21 21:30:00,361,424
2025-01-21 21:35:00,360,424
2025-01-21 21:40:00,361,424
2025-01-21 21:45:00,361,424
2025-01-21 21:50:00,361,424
2025-01-21 21:55:00,360,424
2025-01-21 22:00:00,360,424
2025-01-21 22:05:00,360,424
2025-01-21 22:10:00,360,424
2025-01-21 22:15:00,361,424
2025-01-21 22:20:00,360,423
2025-01-21 22:25:00,360,423
2025-01-21 22:30:00,360,424
2025-01-21 22:35:00,361,423
2025-01-21 22:40:00,360,423
2025-01-21 22:45:00,361,424
2025-01-21 22:50:00,360,423
2025-01-21 22:55:00,360,423
2025-01-21 23:00:00,360,423
2025-01-21 23:05:00,360,423
2025-01-21 23:10:00,360,423
2025-01-21 23:15:00,361,423
2025-01-21 23:20:00,360,423
2025-01-21 23:25:00,360,423
2025-01-21 23:30:00,360,422
2025-01-21 23:35:00,360,423
2025-01-21 23:40:00,360,422
2025-01-21 23:45:00,361,423
2025-01-21 23:50:00,360,422
2025-01-21 23:55:00,360,423
2025-01-22 00:00:00,360,422
2025-01-22 00:05:00,360,422
2025-01-22 00:10:00,360,422
2025-01-22 00:15:00,360,422
2025-01-22 00:20:00,360,422
2025-01-22 00:25:00,360,422
2025-01-22 00:30:00,360,422
2025-01-22 00:35:00,360,422
2025-01-22 00:40:00,360,422
2025-01-22 00:45:00,360,422
2025-01-22 00:50:00,360,422
2025-01-22 00:55:00,361,422
2025-01-22 01:00:00,360,422
2025-01-22 01:05:00,360,422
2025-01-22 01:10:00,360,421
2025-01-22 01:15:00,361,422
2025-01-22 01:20:00,361,422
2025-01-22 01:25:00,360,421
2025-01-22 01:30:00,361,421
2025-01-22 01:35:00,360,422
2025-01-22 01:40:00,360,422
2025-01-22 01:45:00,360,421
2025-01-22 01:50:00,360,422
2025-01-22 01:55:00,361,421
2025-01-22 02:00:00,360,421
2025-01-22 02:05:00,361,421
2025-01-22 02:10:00,360,421
2025-01-22 02:15:00,360,421
2025-01-22 02:20:00,360,421
2025-01-22 02:25:00,360,421
2025-01-22 02:30:00,360,421
2025-01-22 02:35:00,360,421
2025-01-22 02:40:00,360,421
2025-01-22 02:45:00,360,421
2025-01-22 02:50:00,360,421
2025-01-22 02:55:00,360,421
2025-01-22 03:00:00,360,421
2025-01-22 03:05:00,360,421
2025-01-22 03:10:00,360,421
2025-01-22 03:15:00,360,420
2025-01-22 03:20:00,360,421
2025-01-22 03:25:00,360,421
2025-01-22 03:30:00,361,421
2025-01-22 03:35:00,361,421
2025-01-22 03:40:00,360,421
2025-01-22 03:45:00,360,421
2025-01-22 03:50:00,360,421
2025-01-22 03:55:00,360,421
2025-01-22 04:00:00,360,421
2025-01-22 04:05:00,360,421
2025-01-22 04:10:00,360,421
2025-01-22 04:15:00,360,421
2025-01-22 04:20:00,360,421
2025-01-22 04:25:00,360,421
2025-01-22 04:30:00,359,420
2025-01-22 04:35:00,359,420
2025-01-22 04:40:00,360,420
2025-01-22 04:45:00,361,421
2025-01-22 04:50:00,360,420
2025-01-22 04:55:00,360,420
2025-01-22 05:00:00,360,420
2025-01-22 05:05:00,360,421
2025-01-22 05:10:00,360,421
2025-01-22 05:15:00,360,420
2025-01-22 05:20:00,360,421
2025-01-22 05:25:00,361,421
2025-01-22 05:30:00,360,420
2025-01-22 05:35:00,361,421
2025-01-22 05:40:00,361,421
2025-01-22 05:45:00,361,421
2025-01-22 05:50:00,361,421
2025-01-22 05:55:00,361,421
2025-01-22 06:00:00,361,421
2025-01-22 06:05:00,361,420
2025-01-22 06:10:00,362,422
2025-01-22 06:15:00,361,421
2025-01-22 06:20:00,361,421
2025-01-22 06:25:00,361,422
2025-01-22 06:30:00,361,421
2025-01-22 06:35:00,361,422
2025-01-22 06:40:00,361,421
2025-01-22 06:45:00,361,422
2025-01-22 06:50:00,361,422
2025-01-22 06:55:00,361,422
2025-01-22 07:00:00,361,422
2025-01-22 07:05:00,361,422
2025-01-22 07:10:00,361,422
2025-01-22 07:15:00,361,422
2025-01-22 07:20:00,361,422
2025-01-22 07:25:00,361,422
2025-01-22 07:30:00,361,421
2025-01-22 07:35:00,361,422
2025-01-22 07:40:00,362,422
2025-01-22 07:45:00,361,422
2025-01-22 07:50:00,361,422
2025-01-22 07:55:00,361,422
2025-01-22 08:00:00,361,422
2025-01-22 08:05:00,361,422
2025-01-22 08:10:00,362,422
2025-01-22 08:15:00,361,422
2025-01-22 08:20:00,361,422
2025-01-22 08:25:00,361,422
2025-01-22 08:30:00,361,422
2025-01-22 08:35:00,361,423
2025-01-22 08:40:00,361,422
2025-01-22 08:45:00,361,423
2025-01-22 08:50:00,362,423
2025-01-22 08:55:00,361,422
2025-01-22 09:00:00,361,423
2025-01-22 09:05:00,361,423
2025-01-22 09:10:00,361,423
2025-01-22 09:15:00,361,422
2025-01-22 09:20:00,361,423
2025-01-22 09:25:00,361,423
2025-01-22 09:30:00,361,423
2025-01-22 09:35:00,361,423
2025-01-22 09:40:00,361,423
2025-01-22 09:45:00,361,423
2025-01-22 09:50:00,362,423
2025-01-22 09:55:00,362,423
2025-01-22 10:00:00,362,423
2025-01-22 10:05:00,362,424
2025-01-22 10:10:00,362,423
2025-01-22 10:15:00,361,424
2025-01-22 10:20:00,362,424
2025-01-22 10:25:00,362,424
2025-01-22 10:30:00,362,424
2025-01-22 10:35:00,362,425
2025-01-22 10:40:00,362,424
2025-01-22 10:45:00,363,424
2025-01-22 10:50:00,362,424
2025-01-22 10:55:00,363,424
2025-01-22 11:00:00,363,424
2025-01-22 11:05:00,363,425
2025-01-22 11:10:00,362,424
2025-01-22 11:15:00,363,425
2025-01-22 11:20:00,363,425
2025-01-22 11:25:00,363,425
2025-01-22 11:30:00,363,425
2025-01-22 11:35:00,363,425
2025-01-22 11:40:00,363,424
2025-01-22 11:45:00,362,425
2025-01-22 11:50:00,362,424
2025-01-22 11:55:00,362,425
2025-01-22 12:00:00,356,417
2025-01-22 12:05:00,416,435
2025-01-22 12:10:00,417,437
2025-01-22 12:15:00,374,386
2025-01-22 12:20:00,353,396
2025-01-22 12:25:00,355,301
2025-01-22 12:30:00,362,575
2025-01-22 12:35:00,366,443
2025-01-22 12:40:00,344,294
2025-01-22 12:45:00,336,296
2025-01-22 12:50:00,337,281
2025-01-22 12:55:00,345,426
2025-01-22 13:00:00,345,293
2025-01-22 13:00:00,346,294
2025-01-22 13:05:00,348,410
2025-01-22 13:10:00,343,306
2025-01-22 13:15:00,351,387
2025-01-22 13:20:00,345,373
2025-01-22 13:25:00,338,282
2025-01-22 13:30:00,330,289
2025-01-22 13:35:00,335,294
2025-01-22 13:40:00,340,389
2025-01-22 13:45:00,333,299
2025-01-22 13:50:00,338,286
2025-01-22 13:55:00,338,313
2025-01-22 14:00:00,336,307
2025-01-22 14:05:00,342,418
2025-01-22 14:10:00,336,302
2025-01-22 14:15:00,345,425
2025-01-22 14:20:00,335,284
2025-01-22 14:25:00,341,316
2025-01-22 14:30:00,341,298
2025-01-22 14:35:00,342,331
2025-01-22 14:40:00,349,378
2025-01-22 14:45:00,342,350
2025-01-22 14:50:00,348,402
2025-01-22 14:55:00,344,377
2025-01-22 15:00:00,350,404
2025-01-22 15:05:00,350,411
2025-01-22 15:10:00,340,314
2025-01-22 15:15:00,337,289
2025-01-22 15:20:00,347,401
2025-01-22 15:25:00,343,344
2025-01-22 15:30:00,352,431
2025-01-22 15:35:00,347,410
2025-01-22 15:40:00,333,276
2025-01-22 15:45:00,333,287
2025-01-22 15:50:00,347,411
2025-01-22 15:55:00,333,286
2025-01-22 16:00:00,349,386
2025-01-22 16:05:00,349,421
2025-01-22 16:10:00,343,389
2025-01-22 16:15:00,331,287
2025-01-22 16:20:00,351,425
2025-01-22 16:25:00,337,319
2025-01-22 16:30:00,341,323
2025-01-22 16:35:00,334,292
2025-01-22 16:40:00,341,389
2025-01-22 16:45:00,333,290
2025-01-22 16:50:00,337,353
2025-01-22 16:55:00,345,403
2025-01-22 17:00:00,349,426
2025-01-22 17:05:00,330,291
2025-01-22 17:10:00,335,288
2025-01-22 17:15:00,343,408
2025-01-22 17:20:00,341,399
2025-01-22 17:25:00,332,297
2025-01-22 17:30:00,340,308
2025-01-22 17:35:00,352,373
2025-01-22 17:40:00,350,413
2025-01-22 17:45:00,345,408
2025-01-22 17:50:00,332,288
2025-01-22 17:55:00,346,413
2025-01-22 18:00:00,341,296
2025-01-22 18:05:00,342,333
2025-01-22 18:10:00,332,284
2025-01-22 18:15:00,334,319
2025-01-22 18:20:00,352,408
2025-01-22 18:25:00,329,286
2025-01-22 18:30:00,344,356
2025-01-22 18:35:00,344,386
2025-01-22 18:40:00,350,406
2025-01-22 18:45:00,348,418
2025-01-22 18:50:00,336,292
2025-01-22 18:55:00,340,318
2025-01-22 19:00:00,339,320
2025-01-22 19:05:00,347,412
2025-01-22 19:10:00,354,416
2025-01-22 19:15:00,342,394
2025-01-22 19:20:00,335,287
2025-01-22 19:25:00,349,403
2025-01-22 19:30:00,344,403
2025-01-22 19:35:00,332,290
2025-01-22 19:40:00,347,392
2025-01-22 19:45:00,346,388
2025-01-22 19:50:00,337,318
2025-01-22 19:55:00,344,385
2025-01-22 20:00:00,346,391
2025-01-22 20:05:00,334,302
2025-01-22 20:10:00,345,382
2025-01-22 20:15:00,348,402
2025-01-22 20:20:00,350,428
2025-01-22 20:25:00,346,417
2025-01-22 20:30:00,347,410
2025-01-22 20:35:00,335,291
2025-01-22 20:40:00,338,308
2025-01-22 20:45:00,342,350
2025-01-22 20:50:00,337,286
2025-01-22 20:55:00,346,383
2025-01-22 21:00:00,340,328
2025-01-22 21:05:00,349,411
2025-01-22 21:10:00,335,304
2025-01-22 21:15:00,352,435
2025-01-22 21:20:00,347,382
2025-01-22 21:25:00,351,420
2025-01-22 21:30:00,347,390
2025-01-22 21:35:00,349,423
2025-01-22 21:40:00,352,423
2025-01-22 21:45:00,350,413
2025-01-22 21:50:00,346,389
2025-01-22 21:55:00,338,325
2025-01-22 22:00:00,334,292
2025-01-22 22:05:00,340,340
2025-01-22 22:10:00,343,380
2025-01-22 22:15:00,347,408
2025-01-22 22:20:00,334,292
2025-01-22 22:25:00,345,403
2025-01-22 22:30:00,335,301
2025-01-22 22:35:00,332,291
2025-01-22 22:40:00,333,301
2025-01-22 22:45:00,347,406
2025-01-22 22:50:00,343,387
2025-01-22 22:55:00,345,417
2025-01-22 23:00:00,333,289
2025-01-22 23:05:00,345,419
2025-01-22 23:10:00,335,309
2025-01-22 23:15:00,331,292
2025-01-22 23:20:00,344,394
2025-01-22 23:25:00,344,413
2025-01-22 23:30:00,334,312
2025-01-22 23:35:00,330,310
2025-01-22 23:40:00,342,411
2025-01-22 23:45:00,336,351
2025-01-22 23:50:00,329,286
2025-01-22 23:55:00,338,316
2025-01-23 00:00:00,337,299
2025-01-23 00:05:00,334,289
2025-01-23 00:10:00,352,407
2025-01-23 00:15:00,342,351
2025-01-23 00:20:00,350,389
2025-01-23 00:25:00,350,413
2025-01-23 00:30:00,337,298
2025-01-23 00:35:00,339,294
2025-01-23 00:40:00,353,434
2025-01-23 00:45:00,337,307
2025-01-23 00:50:00,350,393
2025-01-23 00:55:00,336,301
2025-01-23 01:00:00,352,410
2025-01-23 01:05:00,339,305
2025-01-23 01:10:00,350,390
2025-01-23 01:15:00,351,420
2025-01-23 01:20:00,350,398
2025-01-23 01:25:00,348,381
2025-01-23 01:30:00,346,367
2025-01-23 01:35:00,353,419
2025-01-23 01:40:00,351,407
2025-01-23 01:45:00,335,290
2025-01-23 01:50:00,345,404
2025-01-23 01:55:00,342,349
2025-01-23 02:00:00,335,303
2025-01-23 02:05:00,346,381
2025-01-23 02:10:00,351,425
2025-01-23 02:15:00,333,287
2025-01-23 02:20:00,339,319
2025-01-23 02:25:00,335,312
2025-01-23 02:30:00,346,377
2025-01-23 02:35:00,347,380
2025-01-23 02:40:00,349,397
2025-01-23 02:45:00,335,295
2025-01-23 02:50:00,353,411
2025-01-23 02:55:00,352,427
2025-01-23 03:00:00,342,344
2025-01-23 03:05:00,335,295
2025-01-23 03:10:00,343,336
2025-01-23 03:15:00,338,319
2025-01-23 03:20:00,352,414
2025-01-23 03:25:00,337,302
2025-01-23 03:30:00,349,400
2025-01-23 03:35:00,343,357
2025-01-23 03:40:00,345,391
2025-01-23 03:45:00,347,416
2025-01-23 03:50:00,342,380
2025-01-23 03:55:00,340,352
2025-01-23 04:00:00,332,286
2025-01-23 04:05:00,332,289
2025-01-23 04:10:00,334,311
2025-01-23 04:15:00,342,381
2025-01-23 04:20:00,348,420
2025-01-23 04:25:00,345,405
2025-01-23 04:30:00,348,419
2025-01-23 04:35:00,333,313
2025-01-23 04:40:00,333,299
2025-01-23 04:45:00,348,412
2025-01-23 04:50:00,332,307
2025-01-23 04:55:00,332,302
2025-01-23 05:00:00,329,277
2025-01-23 05:05:00,330,294
2025-01-23 05:10:00,329,273
2025-01-23 05:15:00,345,405
2025-01-23 05:20:00,342,391
2025-01-23 05:25:00,339,364
2025-01-23 05:30:00,332,308
2025-01-23 05:35:00,344,409
2025-01-23 05:40:00,335,336
2025-01-23 05:45:00,331,287
2025-01-23 05:50:00,346,405
2025-01-23 05:55:00,331,296
2025-01-23 06:00:00,346,406
2025-01-23 06:05:00,342,373
2025-01-23 06:10:00,347,389
2025-01-23 06:15:00,333,286
2025-01-23 06:20:00,351,424
2025-01-23 06:25:00,334,298
2025-01-23 06:30:00,350,415
2025-01-23 06:35:00,335,293
2025-01-23 06:40:00,335,311
2025-01-23 06:45:00,335,300
2025-01-23 06:50:00,335,306
2025-01-23 06:55:00,337,325
2025-01-23 07:00:00,348,391
2025-01-23 07:05:00,347,390
2025-01-23 07:10:00,341,348
2025-01-23 07:15:00,333,293
2025-01-23 07:20:00,333,295
2025-01-23 07:25:00,334,295
2025-01-23 07:30:00,349,393
2025-01-23 07:35:00,335,301
2025-01-23 07:40:00,347,396
2025-01-23 07:45:00,339,311
2025-01-23 07:50:00,350,399
2025-01-23 07:55:00,338,318
2025-01-23 08:00:00,345,366
2025-01-23 08:05:00,350,408
2025-01-23 08:10:00,353,412
2025-01-23 08:15:00,341,309
2025-01-23 08:20:00,341,311
2025-01-23 08:25:00,354,415
2025-01-23 08:30:00,341,297
2025-01-23 08:35:00,343,333
2025-01-23 08:40:00,356,403
2025-01-23 08:45:00,356,419
2025-01-23 08:50:00,355,333
2025-01-23 08:55:00,357,421
2025-01-23 09:00:00,358,432
2025-01-23 09:05:00,348,343
2025-01-23 09:10:00,356,331
2025-01-23 09:15:00,348,327
2025-01-23 09:20:00,347,312
2025-01-23 09:25:00,344,321
2025-01-23 09:30:00,363,392
2025-01-23 09:35:00,354,387
2025-01-23 09:40:00,367,440
2025-01-23 09:45:00,363,416
2025-01-23 09:50:00,350,316
2025-01-23 09:55:00,351,305
2025-01-23 10:00:00,369,441
2025-01-23 10:05:00,352,297
2025-01-23 10:10:00,363,435
2025-01-23 10:15:00,363,425
2025-01-23 10:20:00,360,434
2025-01-23 10:25:00,347,294
2025-01-23 10:30:00,352,367
2025-01-23 10:35:00,357,413
2025-01-23 10:40:00,359,420
2025-01-23 10:45:00,343,311
2025-01-23 10:50:00,344,321
2025-01-23 10:55:00,341,295
2025-01-23 11:00:00,356,421
2025-01-23 11:05:00,350,356
2025-01-23 11:10:00,345,314
2025-01-23 11:15:00,354,415
2025-01-23 11:20:00,353,393
2025-01-23 11:25:00,343,302
2025-01-23 11:30:00,343,305
2025-01-23 11:35:00,352,386
2025-01-23 11:40:00,358,429
2025-01-23 11:45:00,341,311
2025-01-23 11:50:00,354,395
2025-01-23 11:55:00,341,319
2025-01-23 12:00:00,348,320
2025-01-23 12:05:00,348,370
2025-01-23 12:10:00,348,415
2025-01-23 12:15:00,347,329
2025-01-23 12:20:00,347,308
2025-01-23 12:25:00,348,423
2025-01-23 12:30:00,347,292
2025-01-23 12:35:00,347,308
2025-01-23 12:40:00,348,420
2025-01-23 12:45:00,347,282
2025-01-23 12:50:00,349,427
2025-01-23 12:55:00,348,294
2025-01-23 13:00:00,348,314
2025-01-23 13:05:00,347,312
2025-01-23 13:10:00,348,320
2025-01-23 13:15:00,348,416
2025-01-23 13:20:00,348,295
2025-01-23 13:25:00,348,387
2025-01-23 13:30:00,347,304
2025-01-23 13:35:00,348,347
2025-01-23 13:40:00,348,412
2025-01-23 13:45:00,348,295
2025-01-23 13:50:00,348,424
2025-01-23 13:55:00,348,301
2025-01-23 14:00:00,348,388
2025-01-23 14:05:00,348,372
2025-01-23 14:10:00,348,336
2025-01-23 14:15:00,348,362
2025-01-23 14:20:00,350,386
2025-01-23 14:25:00,348,404
2025-01-23 14:30:00,349,317
2025-01-23 14:35:00,351,414
2025-01-23 14:40:00,350,304
2025-01-23 14:45:00,349,383
2025-01-23 14:50:00,349,311
2025-01-23 14:55:00,350,428
2025-01-23 15:00:00,349,317
2025-01-23 15:05:00,350,340
2025-01-23 15:10:00,350,296
2025-01-23 15:15:00,349,381
2025-01-23 15:20:00,348,287
2025-01-23 15:25:00,348,324
2025-01-23 15:30:00,350,429
2025-01-23 15:35:00,349,395
2025-01-23 15:40:00,349,373
2025-01-23 15:45:00,351,429
2025-01-23 15:50:00,349,297
2025-01-23 15:55:00,349,297
2025-01-23 16:00:00,349,305
2025-01-23 16:05:00,349,419
2025-01-23 16:10:00,349,393
2025-01-23 16:15:00,348,290
2025-01-23 16:20:00,349,403
2025-01-23 16:25:00,349,293
2025-01-23 16:30:00,350,298
2025-01-23 16:35:00,356,312
2025-01-23 16:40:00,357,372
2025-01-23 16:45:00,357,329
2025-01-23 16:50:00,356,340
2025-01-23 16:55:00,358,362
2025-01-23 17:00:00,358,301
2025-01-23 17:05:00,356,319
2025-01-23 17:10:00,356,432
2025-01-23 17:15:00,354,316
2025-01-23 17:20:00,353,303
2025-01-23 17:25:00,354,296
2025-01-23 17:30:00,355,410
2025-01-23 17:35:00,354,427
2025-01-23 17:40:00,354,302
2025-01-23 17:45:00,355,432
2025-01-23 17:50:00,355,407
2025-01-23 17:55:00,355,409
2025-01-23 18:00:00,355,397
2025-01-23 18:00:00,355,397
2025-01-23 18:05:00,356,306
2025-01-23 18:10:00,355,403
2025-01-23 18:15:00,355,408
2025-01-23 18:20:00,354,412
2025-01-23 18:25:00,355,317
2025-01-23 18:30:00,356,417
2025-01-23 18:35:00,355,428
2025-01-23 18:40:00,355,366
2025-01-23 18:45:00,355,331
2025-01-23 18:50:00,355,424
2025-01-23 18:55:00,355,304
2025-01-23 19:00:00,355,341
2025-01-23 19:05:00,356,344
2025-01-23 19:10:00,355,314
2025-01-23 19:15:00,355,373
2025-01-23 19:20:00,355,341
2025-01-23 19:25:00,355,318
2025-01-23 19:30:00,356,417
2025-01-23 19:35:00,354,308
2025-01-23 19:40:00,355,311
2025-01-23 19:45:00,356,313
2025-01-23 19:50:00,355,309
2025-01-23 19:55:00,355,309
2025-01-23 20:00:00,355,344
2025-01-23 20:05:00,354,421
2025-01-23 20:10:00,357,429
2025-01-23 20:15:00,356,360
2025-01-23 20:20:00,357,431
2025-01-23 20:25:00,355,371
2025-01-23 20:30:00,355,351
2025-01-23 20:35:00,354,308
2025-01-23 20:40:00,354,312
2025-01-23 20:45:00,355,416
2025-01-23 20:50:00,355,319
2025-01-23 20:55:00,355,420
2025-01-23 21:00:00,354,343
2025-01-23 21:05:00,354,309
2025-01-23 21:10:00,354,379
2025-01-23 21:15:00,353,308
2025-01-23 21:20:00,354,342
2025-01-23 21:25:00,356,415
2025-01-23 21:30:00,354,423
2025-01-23 21:35:00,352,311
2025-01-23 21:40:00,354,316
2025-01-23 21:45:00,353,412
2025-01-23 21:50:00,353,309
2025-01-23 21:55:00,353,375
2025-01-23 22:00:00,352,311
2025-01-23 22:05:00,353,371
2025-01-23 22:10:00,357,330
2025-01-23 22:15:00,353,308
2025-01-23 22:20:00,355,417
2025-01-23 22:25:00,354,412
2025-01-23 22:30:00,353,311
2025-01-23 22:35:00,353,369
2025-01-23 22:40:00,352,318
2025-01-23 22:45:00,353,309
2025-01-23 22:50:00,355,431
2025-01-23 22:55:00,354,358
2025-01-23 23:00:00,353,313
2025-01-23 23:05:00,353,313
2025-01-23 23:10:00,354,308
2025-01-23 23:15:00,355,369
2025-01-23 23:20:00,353,315
2025-01-23 23:25:00,355,417
2025-01-23 23:30:00,353,405
2025-01-23 23:35:00,352,324
2025-01-23 23:40:00,352,310
2025-01-23 23:45:00,352,313
2025-01-23 23:50:00,350,417
2025-01-23 23:55:00,350,316
2025-01-24 00:00:00,353,432
2025-01-24 00:05:00,352,304
2025-01-24 00:10:00,353,431
2025-01-24 00:15:00,352,429
2025-01-24 00:20:00,352,427
2025-01-24 00:25:00,351,320
2025-01-24 00:30:00,352,414
2025-01-24 00:35:00,352,419
2025-01-24 00:40:00,351,372
2025-01-24 00:45:00,350,420
2025-01-24 00:50:00,351,305
2025-01-24 00:55:00,350,405
2025-01-24 01:00:00,351,380
2025-01-24 01:05:00,351,364
2025-01-24 01:10:00,351,426
2025-01-24 01:15:00,351,378
2025-01-24 01:20:00,350,340
2025-01-24 01:25:00,350,312
2025-01-24 01:30:00,350,409
2025-01-24 01:35:00,348,307
2025-01-24 01:40:00,348,309
2025-01-24 01:45:00,352,431
2025-01-24 01:50:00,350,383
2025-01-24 01:55:00,350,425
2025-01-24 02:00:00,350,310
2025-01-24 02:05:00,351,337
2025-01-24 02:10:00,350,379
2025-01-24 02:15:00,350,306
2025-01-24 02:20:00,350,409
2025-01-24 02:25:00,350,391
2025-01-24 02:30:00,350,393
2025-01-24 02:35:00,350,351
2025-01-24 02:40:00,350,306
2025-01-24 02:45:00,351,307
2025-01-24 02:50:00,350,329
2025-01-24 02:55:00,350,323
2025-01-24 03:00:00,350,310
2025-01-24 03:05:00,351,346
2025-01-24 03:10:00,350,310
2025-01-24 03:15:00,350,425
2025-01-24 03:20:00,350,418
2025-01-24 03:25:00,351,312
2025-01-24 03:30:00,351,423
2025-01-24 03:35:00,350,434
2025-01-24 03:40:00,350,395
2025-01-24 03:45:00,351,312
2025-01-24 03:50:00,350,416
2025-01-24 03:55:00,350,329
2025-01-24 04:00:00,351,316
2025-01-24 04:05:00,351,423
2025-01-24 04:10:00,349,394
2025-01-24 04:15:00,352,422
2025-01-24 04:20:00,351,338
2025-01-24 04:25:00,351,309
2025-01-24 04:30:00,350,316
2025-01-24 04:35:00,351,385
2025-01-24 04:40:00,351,396
2025-01-24 04:45:00,352,400
2025-01-24 04:50:00,351,414
2025-01-24 04:55:00,351,339
2025-01-24 05:00:00,352,322
2025-01-24 05:05:00,351,311
2025-01-24 05:10:00,352,411
2025-01-24 05:15:00,353,421
2025-01-24 05:20:00,352,427
2025-01-24 05:25:00,353,334
2025-01-24 05:30:00,352,331
2025-01-24 05:35:00,353,334
2025-01-24 05:40:00,352,416
2025-01-24 05:45:00,352,424
2025-01-24 05:50:00,353,376
2025-01-24 05:55:00,353,310
2025-01-24 06:00:00,352,316
2025-01-24 06:05:00,352,402
2025-01-24 06:10:00,353,389
2025-01-24 06:15:00,354,312
2025-01-24 06:20:00,352,424
2025-01-24 06:25:00,353,320
2025-01-24 06:30:00,353,314
2025-01-24 06:35:00,352,321
2025-01-24 06:40:00,354,414
2025-01-24 06:45:00,353,353
2025-01-24 06:50:00,354,383
2025-01-24 06:55:00,352,322
2025-01-24 07:00:00,354,403
2025-01-24 07:05:00,354,426
2025-01-24 07:10:00,354,336
2025-01-24 07:15:00,354,426
2025-01-24 07:20:00,355,407
2025-01-24 07:25:00,354,409
2025-01-24 07:30:00,354,317
2025-01-24 07:35:00,355,352
2025-01-24 07:40:00,355,424
2025-01-24 07:45:00,355,423
2025-01-24 07:50:00,355,319
2025-01-24 07:55:00,354,358
2025-01-24 08:00:00,355,422
2025-01-24 08:05:00,355,396
2025-01-24 08:10:00,356,325
2025-01-24 08:15:00,356,372
2025-01-24 08:20:00,356,308
2025-01-24 08:25:00,356,292
2025-01-24 08:30:00,401,363
2025-01-24 08:35:00,398,427
2025-01-24 08:40:00,401,443
2025-01-24 08:45:00,401,464
2025-01-24 08:50:00,400,364
2025-01-24 08:55:00,401,428
2025-01-24 09:00:00,404,445
2025-01-24 09:00:00,404,443
2025-01-24 09:05:00,403,452
2025-01-24 09:10:00,403,349
2025-01-24 09:15:00,405,361
2025-01-24 09:20:00,402,370
2025-01-24 09:25:00,402,449
2025-01-24 09:30:00,403,353
2025-01-24 09:35:00,406,350
2025-01-24 09:40:00,401,438
2025-01-24 09:45:00,405,461
2025-01-24 09:50:00,407,367
2025-01-24 09:55:00,407,376
2025-01-24 10:00:00,405,443
2025-01-24 10:05:00,407,359
2025-01-24 10:10:00,405,438
2025-01-24 10:15:00,401,350
2025-01-24 10:20:00,402,344
2025-01-24 10:25:00,402,358
2025-01-24 10:30:00,404,348
2025-01-24 10:35:00,401,397
2025-01-24 10:40:00,401,355
2025-01-24 10:45:00,399,402
2025-01-24 10:50:00,400,452
2025-01-24 10:55:00,398,451
2025-01-24 11:00:00,397,398
2025-01-24 11:05:00,397,361
2025-01-24 11:10:00,397,387
2025-01-24 11:15:00,397,451
2025-01-24 11:20:00,398,456
2025-01-24 11:25:00,398,345
2025-01-24 11:30:00,400,444
2025-01-24 11:35:00,400,457
2025-01-24 11:40:00,401,454
2025-01-24 11:45:00,401,462
2025-01-24 11:50:00,404,351
2025-01-24 11:55:00,407,447
2025-01-24 12:00:00,405,337
2025-01-24 12:05:00,400,436
2025-01-24 12:10:00,403,431
2025-01-24 12:15:00,403,376
2025-01-24 12:20:00,405,374
2025-01-24 12:25:00,407,458
2025-01-24 12:30:00,407,367
2025-01-24 12:35:00,404,349
2025-01-24 12:40:00,400,367
2025-01-24 12:45:00,397,429
2025-01-24 12:50:00,397,457
2025-01-24 12:55:00,401,454
2025-01-24 13:00:00,401,374
2025-01-24 13:05:00,400,454
2025-01-24 13:10:00,399,353
2025-01-24 13:15:00,397,336
2025-01-24 13:20:00,400,361
2025-01-24 13:25:00,401,332
